RowNumber,CustomerId,Surname,CreditScore,Geography,Gender,Age,Tenure,Balance,NumOfProducts,HasCrCard,IsActiveMember,EstimatedSalary,Exited
1,15634602,Hargrave,619,France,Female,42,2,0,1,1,1,101348.88,1
2,15647311,Hill,608,Spain,Female,41,1,83807.86,1,0,1,112542.58,0
3,15619304,Onio,502,France,Female,42,8,159660.8,3,1,0,113931.57,1
4,15701354,Boni,699,France,Female,39,1,0,2,0,0,93826.63,0
5,15737888,Mitchell,850,Spain,Female,43,2,125510.82,1,1,1,79084.1,0
6,15574012,Chu,645,Spain,Male,44,8,113755.78,2,1,0,149756.71,1
7,15592531,Bartlett,822,France,Male,50,7,0,2,1,1,10062.8,0
8,15656148,Obinna,376,Germany,Female,29,4,115046.74,4,1,0,119346.88,1
9,15792365,He,501,France,Male,44,4,142051.07,2,0,1,74940.5,0
10,15592389,H?,684,France,Male,27,2,134603.88,1,1,1,71725.73,0
11,15767821,Bearce,528,France,Male,31,6,102016.72,2,0,0,80181.12,0
12,15737173,Andrews,497,Spain,Male,24,3,0,2,1,0,76390.01,0
13,15632264,Kay,476,France,Female,34,10,0,2,1,0,26260.98,0
14,15691483,Chin,549,France,Female,25,5,0,2,0,0,190857.79,0
15,15600882,Scott,635,Spain,Female,35,7,0,2,1,1,65951.65,0
16,15643966,Goforth,616,Germany,Male,45,3,143129.41,2,0,1,64327.26,0
17,15737452,Romeo,653,Germany,Male,58,1,132602.88,1,1,0,5097.67,1
18,15788218,Henderson,549,Spain,Female,24,9,0,2,1,1,14406.41,0
19,15661507,Muldrow,587,Spain,Male,45,6,0,1,0,0,158684.81,0
20,15568982,Hao,726,France,Female,24,6,0,2,1,1,54724.03,0
21,15577657,McDonald,732,France,Male,41,8,0,2,1,1,170886.17,0
22,15597945,Dellucci,636,Spain,Female,32,8,0,2,1,0,138555.46,0
23,15699309,Gerasimov,510,Spain,Female,38,4,0,1,1,0,118913.53,1
24,15725737,Mosman,669,France,Male,46,3,0,2,0,1,8487.75,0
25,15625047,Yen,846,France,Female,38,5,0,1,1,1,187616.16,0
26,15738191,Maclean,577,France,Male,25,3,0,2,0,1,124508.29,0
27,15736816,Young,756,Germany,Male,36,2,136815.64,1,1,1,170041.95,0
28,15700772,Nebechi,571,France,Male,44,9,0,2,0,0,38433.35,0
29,15728693,McWilliams,574,Germany,Female,43,3,141349.43,1,1,1,100187.43,0
30,15656300,Lucciano,411,France,Male,29,0,59697.17,2,1,1,53483.21,0
31,15589475,Azikiwe,591,Spain,Female,39,3,0,3,1,0,140469.38,1
32,15706552,Odinakachukwu,533,France,Male,36,7,85311.7,1,0,1,156731.91,0
33,15750181,Sanderson,553,Germany,Male,41,9,110112.54,2,0,0,81898.81,0
34,15659428,Maggard,520,Spain,Female,42,6,0,2,1,1,34410.55,0
35,15732963,Clements,722,Spain,Female,29,9,0,2,1,1,142033.07,0
36,15794171,Lombardo,475,France,Female,45,0,134264.04,1,1,0,27822.99,1
37,15788448,Watson,490,Spain,Male,31,3,145260.23,1,0,1,114066.77,0
38,15729599,Lorenzo,804,Spain,Male,33,7,76548.6,1,0,1,98453.45,0
39,15717426,Armstrong,850,France,Male,36,7,0,1,1,1,40812.9,0
40,15585768,Cameron,582,Germany,Male,41,6,70349.48,2,0,1,178074.04,0
41,15619360,Hsiao,472,Spain,Male,40,4,0,1,1,0,70154.22,0
42,15738148,Clarke,465,France,Female,51,8,122522.32,1,0,0,181297.65,1
43,15687946,Osborne,556,France,Female,61,2,117419.35,1,1,1,94153.83,0
44,15755196,Lavine,834,France,Female,49,2,131394.56,1,0,0,194365.76,1
45,15684171,Bianchi,660,Spain,Female,61,5,155931.11,1,1,1,158338.39,0
46,15754849,Tyler,776,Germany,Female,32,4,109421.13,2,1,1,126517.46,0
47,15602280,Martin,829,Germany,Female,27,9,112045.67,1,1,1,119708.21,1
48,15771573,Okagbue,637,Germany,Female,39,9,137843.8,1,1,1,117622.8,1
49,15766205,Yin,550,Germany,Male,38,2,103391.38,1,0,1,90878.13,0
50,15771873,Buccho,776,Germany,Female,37,2,103769.22,2,1,0,194099.12,0
51,15616550,Chidiebele,698,Germany,Male,44,10,116363.37,2,1,0,198059.16,0
52,15768193,Trevisani,585,Germany,Male,36,5,146050.97,2,0,0,86424.57,0
53,15683553,O'Brien,788,France,Female,33,5,0,2,0,0,116978.19,0
54,15702298,Parkhill,655,Germany,Male,41,8,125561.97,1,0,0,164040.94,1
55,15569590,Yoo,601,Germany,Male,42,1,98495.72,1,1,0,40014.76,1
56,15760861,Phillipps,619,France,Male,43,1,125211.92,1,1,1,113410.49,0
57,15630053,Tsao,656,France,Male,45,5,127864.4,1,1,0,87107.57,0
58,15647091,Endrizzi,725,Germany,Male,19,0,75888.2,1,0,0,45613.75,0
59,15623944,T'ien,511,Spain,Female,66,4,0,1,1,0,1643.11,1
60,15804771,Velazquez,614,France,Male,51,4,40685.92,1,1,1,46775.28,0
61,15651280,Hunter,742,Germany,Male,35,5,136857,1,0,0,84509.57,0
62,15773469,Clark,687,Germany,Female,27,9,152328.88,2,0,0,126494.82,0
63,15702014,Jeffrey,555,Spain,Male,33,1,56084.69,2,0,0,178798.13,0
64,15751208,Pirozzi,684,Spain,Male,56,8,78707.16,1,1,1,99398.36,0
65,15592461,Jackson,603,Germany,Male,26,4,109166.37,1,1,1,92840.67,0
66,15789484,Hammond,751,Germany,Female,36,6,169831.46,2,1,1,27758.36,0
67,15696061,Brownless,581,Germany,Female,34,1,101633.04,1,1,0,110431.51,0
68,15641582,Chibugo,735,Germany,Male,43,10,123180.01,2,1,1,196673.28,0
69,15638424,Glauert,661,Germany,Female,35,5,150725.53,2,0,1,113656.85,0
70,15755648,Pisano,675,France,Female,21,8,98373.26,1,1,0,18203,0
71,15703793,Konovalova,738,Germany,Male,58,2,133745.44,4,1,0,28373.86,1
72,15620344,McKee,813,France,Male,29,6,0,1,1,0,33953.87,0
73,15812518,Palermo,657,Spain,Female,37,0,163607.18,1,0,1,44203.55,0
74,15779052,Ballard,604,Germany,Female,25,5,157780.84,2,1,1,58426.81,0
75,15770811,Wallace,519,France,Male,36,9,0,2,0,1,145562.4,0
76,15780961,Cavenagh,735,France,Female,21,1,178718.19,2,1,0,22388,0
77,15614049,Hu,664,France,Male,55,8,0,2,1,1,139161.64,0
78,15662085,Read,678,France,Female,32,9,0,1,1,1,148210.64,0
79,15575185,Bushell,757,Spain,Male,33,5,77253.22,1,0,1,194239.63,0
80,15803136,Postle,416,Germany,Female,41,10,122189.66,2,1,0,98301.61,0
81,15706021,Buley,665,France,Female,34,1,96645.54,2,0,0,171413.66,0
82,15663706,Leonard,777,France,Female,32,2,0,1,1,0,136458.19,1
83,15641732,Mills,543,France,Female,36,3,0,2,0,0,26019.59,0
84,15701164,Onyeorulu,506,France,Female,34,4,90307.62,1,1,1,159235.29,0
85,15738751,Beit,493,France,Female,46,4,0,2,1,0,1907.66,0
86,15805254,Ndukaku,652,Spain,Female,75,10,0,2,1,1,114675.75,0
87,15762418,Gant,750,Spain,Male,22,3,121681.82,1,1,0,128643.35,1
88,15625759,Rowley,729,France,Male,30,9,0,2,1,0,151869.35,0
89,15622897,Sharpe,646,France,Female,46,4,0,3,1,0,93251.42,1
90,15767954,Osborne,635,Germany,Female,28,3,81623.67,2,1,1,156791.36,0
91,15757535,Heap,647,Spain,Female,44,5,0,3,1,1,174205.22,1
92,15731511,Ritchie,808,France,Male,45,7,118626.55,2,1,0,147132.46,0
93,15809248,Cole,524,France,Female,36,10,0,2,1,0,109614.57,0
94,15640635,Capon,769,France,Male,29,8,0,2,1,1,172290.61,0
95,15676966,Capon,730,Spain,Male,42,4,0,2,0,1,85982.47,0
96,15699461,Fiorentini,515,Spain,Male,35,10,176273.95,1,0,1,121277.78,0
97,15738721,Graham,773,Spain,Male,41,9,102827.44,1,0,1,64595.25,0
98,15693683,Yuille,814,Germany,Male,29,8,97086.4,2,1,1,197276.13,0
99,15604348,Allard,710,Spain,Male,22,8,0,2,0,0,99645.04,0
100,15633059,Fanucci,413,France,Male,34,9,0,2,0,0,6534.18,0
101,15808582,Fu,665,France,Female,40,6,0,1,1,1,161848.03,0
102,15743192,Hung,623,France,Female,44,6,0,2,0,0,167162.43,0
103,15580146,Hung,738,France,Male,31,9,82674.15,1,1,0,41970.72,0
104,15776605,Bradley,528,Spain,Male,36,7,0,2,1,0,60536.56,0
105,15804919,Dunbabin,670,Spain,Female,65,1,0,1,1,1,177655.68,1
106,15613854,Mauldon,622,Spain,Female,46,4,107073.27,2,1,1,30984.59,1
107,15599195,Stiger,582,Germany,Male,32,1,88938.62,1,1,1,10054.53,0
108,15812878,Parsons,785,Germany,Female,36,2,99806.85,1,0,1,36976.52,0
109,15602312,Walkom,605,Spain,Male,33,5,150092.8,1,0,0,71862.79,0
110,15744689,T'ang,479,Germany,Male,35,9,92833.89,1,1,0,99449.86,1
111,15803526,Eremenko,685,Germany,Male,30,3,90536.81,1,0,1,63082.88,0
112,15665790,Rowntree,538,Germany,Male,39,7,108055.1,2,1,0,27231.26,0
113,15715951,Thorpe,562,France,Male,42,2,100238.35,1,0,0,86797.41,0
114,15591100,Chiemela,675,Spain,Male,36,9,106190.55,1,0,1,22994.32,0
115,15609618,Fanucci,721,Germany,Male,28,9,154475.54,2,0,1,101300.94,1
116,15675522,Ko,628,Germany,Female,30,9,132351.29,2,1,1,74169.13,0
117,15705512,Welch,668,Germany,Female,37,6,167864.4,1,1,0,115638.29,0
118,15698028,Duncan,506,France,Female,41,1,0,2,1,0,31766.3,0
119,15661670,Chidozie,524,Germany,Female,31,8,107818.63,1,1,0,199725.39,1
120,15600781,Wu,699,Germany,Male,34,4,185173.81,2,1,0,120834.48,0
121,15682472,Culbreth,828,France,Male,34,8,129433.34,2,0,0,38131.77,0
122,15580203,Kennedy,674,Spain,Male,39,6,120193.42,1,0,0,100130.95,0
123,15690673,Cameron,656,France,Female,39,6,0,2,1,0,141069.88,0
124,15760085,Calabresi,684,Germany,Female,48,10,126384.42,1,1,1,198129.36,0
125,15779659,Zetticci,625,France,Female,28,3,0,1,0,0,183646.41,0
126,15627360,Fuller,432,France,Male,42,9,152603.45,1,1,0,110265.24,1
127,15671137,MacDonald,549,France,Female,52,1,0,1,0,1,8636.05,1
128,15782688,Piccio,625,Germany,Male,56,0,148507.24,1,1,0,46824.08,1
129,15575492,Kennedy,828,France,Female,41,7,0,2,1,0,171378.77,0
130,15591607,Fernie,770,France,Male,24,9,101827.07,1,1,0,167256.35,0
131,15740404,He,758,France,Female,34,3,0,2,1,1,124226.16,0
132,15718369,Kaodilinakachukwu,795,Germany,Female,33,9,130862.43,1,1,1,114935.21,0
133,15677871,Cocci,687,France,Male,38,9,122570.87,1,1,1,35608.88,0
134,15642004,Alekseeva,686,France,Male,25,1,0,2,0,1,16459.37,0
135,15712543,Chinweike,789,Germany,Male,39,7,124828.46,2,1,1,124411.08,0
136,15584518,Arthur,589,Germany,Female,50,5,144895.05,2,1,1,34941.23,0
137,15802381,Li,461,Germany,Female,34,5,63663.93,1,0,1,167784.28,0
138,15610156,Ma,637,France,Male,40,2,133463.1,1,0,1,93165.34,0
139,15594408,Chia,584,Spain,Female,48,2,213146.2,1,1,0,75161.25,1
140,15640905,Vasin,579,Spain,Female,35,1,129490.36,2,0,1,8590.83,1
141,15698932,Groves,756,Germany,Male,44,10,137452.09,1,1,0,189543.9,0
142,15724944,Tien,663,France,Male,34,7,0,2,1,1,180427.24,0
143,15628145,Forwood,682,France,Female,43,5,125851.93,1,1,1,193318.33,0
144,15713483,Greeves,793,Spain,Male,52,2,0,1,1,0,159123.82,1
145,15612350,Taylor,691,France,Female,31,5,40915.55,1,1,0,126213.84,1
146,15800703,Madukwe,485,Spain,Female,21,5,113157.22,1,1,1,54141.5,0
147,15705707,Bennelong,635,Spain,Female,29,8,138296.94,2,1,0,141075.51,0
148,15754105,Olisanugo,650,France,Male,37,5,106967.18,1,0,0,24495.03,0
149,15703264,Chukwufumnanya,735,France,Male,44,9,120681.63,1,1,0,74836.34,0
150,15794413,Harris,416,France,Male,32,0,0,2,0,1,878.87,0
151,15650237,Morgan,754,Spain,Female,32,7,0,2,1,0,89520.75,0
152,15759618,Alexeeva,535,France,Female,48,9,0,1,1,0,149892.79,1
153,15811589,Metcalfe,716,Spain,Male,42,8,0,2,1,0,180800.42,0
154,15689044,Humphries,539,France,Male,37,2,127609.59,1,1,0,98646.22,0
155,15709368,Milne,614,France,Female,43,6,0,2,1,1,109041.53,0
156,15679145,Chou,706,Spain,Male,57,7,0,1,1,0,17941.16,1
157,15655007,Li,758,France,Female,33,7,0,2,0,0,82996.47,0
158,15623595,Clayton,586,Spain,Female,28,2,0,2,1,1,92067.35,0
159,15589975,Maclean,646,France,Female,73,6,97259.25,1,0,1,104719.66,0
160,15804017,Chigolum,631,Germany,Female,33,4,123246.7,1,0,0,112687.57,0
161,15692132,Wilkinson,717,Spain,Female,22,6,101060.25,1,0,1,84699.56,0
162,15641122,Wei,684,France,Male,30,2,0,2,1,0,83473.82,0
163,15630910,Treacy,800,France,Female,49,7,108007.36,1,0,0,47125.11,0
164,15680772,Hu,721,Spain,Female,36,2,0,2,1,1,106977.8,0
165,15658929,Taverner,683,Spain,Male,29,0,133702.89,1,1,0,55582.54,1
166,15585388,Sherman,660,Germany,Male,31,9,125189.75,2,1,1,139874.43,0
167,15724623,Taubman,704,Germany,Female,24,7,113034.22,1,1,0,162503.48,1
168,15588537,Robinson,615,Spain,Female,41,9,109013.23,1,1,0,196499.96,0
169,15574692,Pinto,667,Spain,Female,39,2,0,2,1,0,40721.24,1
170,15611325,Wood,682,Germany,Male,24,9,57929.81,2,0,0,53134.3,0
171,15587562,Hawkins,484,France,Female,29,4,130114.39,1,1,0,164017.89,0
172,15613172,Sun,628,Germany,Male,27,5,95826.49,2,1,0,155996.96,0
173,15651022,Yost,480,Germany,Male,44,10,129608.57,1,1,0,5472.7,1
174,15586310,Ting,578,France,Male,30,4,169462.09,1,1,0,112187.11,0
175,15625524,Rowe,512,France,Male,40,5,0,2,1,1,146457.83,0
176,15755209,Fu,484,Spain,Female,35,7,133868.21,1,1,1,27286.1,0
177,15645248,Ho,510,France,Female,30,0,0,2,1,1,130553.47,0
178,15790355,Okechukwu,606,Germany,Male,36,5,190479.48,2,0,0,179351.89,0
179,15762615,Campbell,597,Spain,Female,40,8,101993.12,1,0,1,94774.12,0
180,15625426,Ashbolt,754,Germany,Female,55,3,161608.81,1,1,0,8080.85,1
181,15716334,Rozier,850,Spain,Female,45,2,122311.21,1,1,1,19482.5,0
182,15789669,Hsia,510,France,Male,65,2,0,2,1,1,48071.61,0
183,15621075,Ogbonnaya,778,Germany,Female,45,1,162150.42,2,1,0,174531.27,0
184,15810845,T'ang,636,France,Male,42,2,0,2,1,1,55470.78,0
185,15719377,Cocci,804,France,Female,50,4,0,1,1,1,8546.87,1
186,15654506,Chang,514,France,Male,32,8,0,2,1,0,95857.18,0
187,15771977,T'ao,730,France,Female,39,1,99010.67,1,1,0,194945.8,0
188,15708710,Ford,525,Spain,Female,37,0,0,1,0,1,131521.72,0
189,15726676,Marshall,616,Spain,Male,30,5,0,2,0,1,196108.51,0
190,15587421,Tsai,687,Germany,Female,34,7,111388.18,2,1,0,148564.76,0
191,15726931,Onwumelu,715,France,Female,41,8,56214.85,2,0,0,92982.61,1
192,15771086,Graham,512,France,Female,36,3,84327.77,2,1,0,17675.36,0
193,15756850,Golovanov,479,France,Male,40,1,0,2,0,0,114996.43,0
194,15702741,Potts,601,France,Male,32,8,93012.89,1,1,0,86957.42,0
195,15679200,Crawford,580,Spain,Male,29,9,61710.44,2,1,0,128077.8,0
196,15594815,Aleshire,807,France,Male,35,3,174790.15,1,1,1,600.36,0
197,15635905,Moran,616,Spain,Female,32,6,0,2,1,1,43001.46,0
198,15777892,Samsonova,721,Germany,Male,37,3,107720.64,1,1,1,158591.12,0
199,15656176,Jenkins,501,France,Male,57,10,0,2,1,1,47847.19,0
200,15811127,Volkov,521,France,Male,35,6,96423.84,1,1,0,10488.44,0
201,15604482,Chiemezie,850,Spain,Male,30,2,141040.01,1,1,1,5978.2,0
202,15622911,Jude,759,France,Male,42,4,105420.18,1,0,1,121409.06,0
203,15600974,He,516,Spain,Male,50,5,0,1,0,1,146145.93,1
204,15727868,Onuora,711,France,Female,38,2,129022.06,2,1,1,14374.86,1
205,15627801,Ginikanwa,512,Spain,Male,33,3,176666.62,1,1,0,94670.77,0
206,15773039,Ku,550,France,Male,37,3,0,1,1,1,179670.31,0
207,15755262,McDonald,608,Spain,Female,41,3,89763.84,1,0,0,199304.74,1
208,15679531,Collins,618,France,Male,34,5,134954.53,1,1,1,151954.39,0
209,15684181,Hackett,643,France,Male,45,5,0,1,1,0,142513.5,1
210,15612087,Dike,671,France,Male,45,2,106376.85,1,0,1,158264.62,0
211,15752047,Trevisano,689,Germany,Male,33,2,161814.64,2,1,0,169381.9,0
212,15624592,Tan,603,France,Male,31,8,0,2,1,1,169915.02,0
213,15573152,Glassman,620,France,Female,41,9,0,2,0,0,88852.47,0
214,15594917,Miller,676,France,Female,34,1,63095.01,1,1,1,40645.81,0
215,15785542,Kornilova,572,Germany,Male,26,4,118287.01,2,0,0,60427.3,0
216,15723488,Watson,668,Germany,Male,47,7,106854.21,1,0,1,157959.02,1
217,15680920,Marchesi,695,France,Male,46,7,49512.55,1,1,0,133007.34,0
218,15786308,Millar,730,Spain,Female,33,9,0,2,0,0,176576.62,0
219,15659366,Shih,807,France,Male,43,1,105799.32,2,1,0,34888.04,1
220,15774854,Fuller,592,France,Male,54,8,0,1,1,1,28737.71,1
221,15725311,Hay,726,France,Female,31,9,114722.05,2,1,1,98178.57,0
222,15787155,Yang,514,Spain,Male,30,7,0,1,0,1,125010.24,0
223,15727829,McIntyre,567,France,Male,42,2,0,2,1,1,167984.61,0
224,15733247,Stevenson,850,France,Male,33,10,0,1,1,0,4861.72,1
225,15568748,Poole,671,Germany,Male,45,6,99564.22,1,1,1,108872.45,1
226,15699029,Bagley,670,France,Male,37,4,170557.91,2,1,0,198252.88,0
227,15774393,Ch'ien,694,France,Female,30,9,0,2,1,1,26960.31,0
228,15676895,Cattaneo,547,Germany,Female,39,6,74596.15,3,1,1,85746.52,1
229,15637753,O'Sullivan,751,Germany,Male,50,2,96888.39,1,1,0,77206.25,1
230,15605461,Lucas,594,Germany,Female,29,3,130830.22,1,1,0,61048.53,0
231,15808473,Ringrose,673,France,Male,72,1,0,2,0,1,111981.19,0
232,15627000,Freeman,610,France,Male,40,0,0,2,1,0,62232.6,0
233,15787174,Sergeyev,512,France,Female,37,1,0,2,0,1,156105.03,0
234,15723886,Fiore,767,Germany,Male,20,3,119714.25,2,0,1,150135.38,0
235,15704769,Smith,585,France,Female,67,5,113978.97,2,0,1,93146.11,0
236,15772896,Dumetochukwu,763,Germany,Male,42,6,100160.75,1,1,0,33462.94,1
237,15711540,Pacheco,712,France,Female,29,2,0,1,1,1,144375,0
238,15764866,Synnot,539,Germany,Female,43,3,116220.5,3,1,0,55803.96,1
239,15794056,Johnston,668,France,Female,46,2,0,3,1,0,89048.46,1
240,15795149,Stevens,703,France,Male,28,2,81173.83,2,0,1,162812.16,0
241,15812009,Grant,662,Spain,Male,38,4,0,2,1,0,136259.65,0
242,15651001,Tsao,725,Germany,Female,39,5,116803.8,1,1,0,124052.97,0
243,15813844,Barnes,703,France,Male,37,8,105961.68,2,0,1,74158.8,0
244,15596175,McIntosh,659,Germany,Male,67,6,117411.6,1,1,1,45071.09,1
245,15576269,Madison,523,Spain,Male,34,7,0,2,1,0,62030.06,0
246,15797219,Ifesinachi,635,France,Female,40,10,123497.58,1,1,0,131953.23,1
247,15685500,Glazkov,772,Germany,Male,26,7,152400.51,2,1,0,79414,0
248,15599792,Dimauro,545,France,Female,26,1,0,2,1,1,199638.56,0
249,15657566,Wieck,634,Germany,Male,24,8,103097.85,1,1,1,157577.29,0
250,15772423,Liao,739,Germany,Male,54,8,126418.14,1,1,0,134420.75,1
251,15628112,Hughes,771,Germany,Female,36,5,77846.9,1,0,0,99805.99,0
252,15753754,Morrison,587,Spain,Female,34,1,0,2,1,1,97932.68,0
253,15793726,Matveyeva,681,France,Female,79,0,0,2,0,1,170968.99,0
254,15694717,Ku,544,Germany,Male,37,2,79731.91,1,1,1,57558.95,0
255,15665834,Cheatham,696,Spain,Male,28,8,0,1,0,0,176713.47,0
256,15765297,Yao,766,Spain,Male,41,0,0,2,0,1,34283.23,0
257,15636684,Kirkland,727,France,Male,34,10,0,2,1,1,198637.34,0
258,15592979,Rose,671,Germany,Female,34,6,37266.67,2,0,0,156917.12,0
259,15750803,Jess,693,France,Female,30,6,127992.25,1,1,1,50457.2,0
260,15607178,Welch,850,Germany,Male,38,3,54901.01,1,1,1,140075.55,0
261,15713853,Ifeajuna,732,Germany,Male,42,9,108748.08,2,1,1,65323.11,0
262,15673481,Morton,726,Spain,Female,48,6,99906.19,1,1,0,64323.24,0
263,15686776,Rossi,557,France,Female,32,6,184686.41,2,1,0,14956.44,0
264,15673693,Reppert,682,France,Female,26,0,110654.02,1,0,1,111879.21,0
265,15700696,Kang,738,Spain,Male,31,9,79019.8,1,1,1,18606.23,0
266,15813163,Ch'iu,531,Spain,Female,36,9,99240.51,1,1,0,123137.01,0
267,15653857,Wallis,498,France,Male,34,2,0,2,1,1,148528.24,0
268,15777076,Clark,651,France,Male,36,7,0,2,1,0,13898.31,0
269,15717398,Fielding,549,Spain,Female,39,7,0,1,0,0,81259.25,1
270,15799217,Zetticci,791,Germany,Female,35,7,52436.2,1,1,0,161051.75,0
271,15787071,Dulhunty,650,Spain,Male,41,9,0,2,0,1,191599.67,0
272,15619955,Bevington,733,Germany,Male,34,3,100337.96,3,1,0,48559.19,1
273,15796505,Boyle,811,Germany,Female,34,1,149297.19,2,1,1,186339.74,0
274,15725166,Newton,707,France,Male,30,8,0,2,1,0,33159.37,0
275,15800116,Bowman,712,Germany,Male,28,4,145605.44,1,0,1,93883.53,0
276,15758685,Dubinina,706,Spain,Female,37,7,0,2,1,1,110899.3,0
277,15694456,Toscani,756,France,Male,62,3,0,1,1,1,11199.04,1
278,15767339,Chiazagomekpere,777,France,Female,53,10,0,2,1,0,189992.97,0
279,15683562,Allen,646,France,Male,35,6,84026.86,1,0,1,164255.69,0
280,15782210,K'ung,714,France,Male,46,1,0,1,1,0,152167.79,1
281,15668893,Wilsmore,782,France,Male,39,8,0,2,1,1,33949.67,0
282,15669169,Hargreaves,775,Spain,Male,29,10,0,2,1,1,68143.93,0
283,15643024,Huang,479,Germany,Male,35,4,138718.92,1,1,1,47251.79,1
284,15699389,Ch'ien,807,France,Male,42,7,118274.71,1,1,1,25885.72,0
285,15708608,Wallwork,799,France,Female,22,8,174185.98,2,0,1,192633.85,0
286,15626144,Chu,675,France,Male,40,7,113208.86,2,1,0,34577.36,0
287,15573112,Kang,602,Spain,Male,29,5,103907.28,1,1,0,161229.84,0
288,15790678,Davidson,475,France,Female,32,8,119023.28,1,1,0,100816.29,0
289,15727556,O'Donnell,744,Spain,Female,26,5,166297.89,1,1,1,181694.44,0
290,15697307,Nnachetam,588,Spain,Male,34,10,0,2,1,0,79078.91,0
291,15652266,Chidiebele,703,Germany,Male,42,9,63227,1,0,1,137316.32,0
292,15607098,Ahmed,747,Spain,Female,41,5,94521.17,2,1,0,194926.86,0
293,15655774,Booth,583,France,Male,27,7,0,2,1,0,51285.49,0
294,15590241,Chuang,750,Spain,Female,34,9,112822.26,1,0,0,150401.53,1
295,15785819,Shao,681,France,Male,38,3,0,2,1,1,112491.96,0
296,15723654,Tsao,773,France,Male,25,2,135903.33,1,1,0,73656.38,0
297,15774510,Tien,714,France,Female,31,4,125169.26,1,1,1,106636.89,0
298,15684173,Chang,687,Spain,Female,44,7,0,3,1,0,155853.52,1
299,15650068,Johnson,511,France,Male,58,0,149117.31,1,1,1,162599.51,0
300,15811490,French,627,France,Male,33,5,0,2,1,1,103737.82,0
301,15803976,Efremov,694,France,Female,31,10,0,2,1,0,160990.27,0
302,15682541,Hartley,616,Spain,Female,36,6,132311.71,1,0,0,15462.84,0
303,15695699,Calabrese,687,France,Male,35,8,0,2,1,0,10334.05,0
304,15624188,Chiu,712,France,Female,33,6,0,2,1,1,190686.16,0
305,15812191,Brennan,553,France,Male,33,4,118082.89,1,0,0,94440.45,0
306,15636673,Onwuatuegwu,667,France,Male,31,1,119266.69,1,1,1,28257.63,0
307,15594898,Hewitt,731,France,Male,43,2,0,1,1,1,170034.95,1
308,15660211,Shih,629,Germany,Male,35,7,156847.29,2,1,0,31824.29,0
309,15773972,Balashov,614,France,Male,50,4,137104.47,1,1,0,127166.49,1
310,15746726,Doyle,438,Germany,Male,31,8,78398.69,1,1,0,44937.01,0
311,15712287,Pokrovskii,652,France,Female,80,4,0,2,1,1,188603.07,0
312,15702919,Collins,729,Germany,Male,30,6,63669.42,1,1,0,145111.37,0
313,15674398,Russo,642,France,Male,38,3,0,2,0,0,171463.83,0
314,15797960,Skinner,806,Germany,Female,59,0,135296.33,1,1,0,182822.5,0
315,15631868,Robertson,744,Spain,Male,36,2,153804.44,1,1,1,87213.33,0
316,15581539,Atkinson,474,Spain,Male,37,3,0,2,0,0,57175.32,0
317,15662736,Doyle,559,France,Male,49,2,147069.78,1,1,0,120540.83,1
318,15666252,Ritchie,706,Spain,Male,42,9,0,2,1,1,28714.34,0
319,15677512,McEncroe,628,Spain,Female,22,3,0,1,1,0,85426.28,0
320,15626114,Pearson,429,France,Male,24,4,95741.75,1,1,0,46170.75,0
321,15810834,Gordon,525,Spain,Female,57,2,145965.33,1,1,1,64448.36,0
322,15678910,Ts'ai,680,France,Female,30,8,141441.75,1,1,1,16278.97,0
323,15694408,Lung,749,France,Male,40,1,139290.41,1,1,0,182855.42,1
324,15585215,Yuan,763,France,Female,31,4,0,2,0,0,50404.72,0
325,15682757,Pardey,734,France,Male,30,3,0,2,1,0,107640.25,0
326,15736601,Tai,716,France,Male,35,4,144428.87,1,1,0,134132.65,0
327,15601848,Scott,594,France,Male,35,2,0,2,1,0,103480.69,0
328,15736008,Hunter,644,France,Female,46,9,95441.27,1,1,0,108761.05,1
329,15669064,Mazzanti,671,Germany,Male,35,1,144848.74,1,1,1,179012.3,0
330,15624528,L?,664,Germany,Male,26,7,116244.14,2,1,1,95145.14,0
331,15598493,Beach,656,France,Male,50,7,0,2,0,1,72143.44,0
332,15601274,Hsieh,667,Spain,Female,40,1,146502.07,1,1,0,19162.89,0
333,15702669,Faulkner,663,Germany,Male,44,2,117028.6,2,0,1,144680.18,0
334,15728669,Knowles,584,Germany,Female,30,8,112013.81,1,1,0,177772.03,1
335,15742668,Day,626,Spain,Female,37,6,108269.37,1,1,0,5597.94,0
336,15697441,Hsueh,485,France,Male,29,7,182123.79,1,1,0,116828.51,1
337,15740476,Tsao,659,Germany,Female,32,3,150923.74,2,0,1,174652.51,0
338,15648064,Kennedy,649,France,Male,33,2,0,2,1,0,2010.98,0
339,15636624,Nwabugwu,805,Spain,Female,39,5,165272.13,1,1,0,14109.85,1
340,15807923,Young,716,Germany,Female,39,10,115301.31,1,1,0,43527.4,1
341,15745844,Kerr,642,Germany,Female,40,6,129502.49,2,0,1,86099.23,1
342,15786170,Tien,659,France,Male,31,4,118342.26,1,0,0,161574.19,0
343,15681081,Marrero,545,Spain,Female,47,5,0,2,1,1,38970.14,0
344,15684484,White,543,France,Male,22,8,0,2,0,0,127587.22,0
345,15785869,Pisano,718,France,Female,25,7,0,2,1,0,30380.12,0
346,15763859,Brown,840,France,Female,43,7,0,2,1,0,90908.95,0
347,15658935,Freeman,630,Germany,Female,34,9,106937.05,2,1,0,138275.01,0
348,15747358,Russell,643,Germany,Male,59,3,170331.37,1,1,1,32171.79,0
349,15735203,Seleznyov,654,Germany,Female,32,1,114510.85,1,1,1,126143.23,0
350,15576256,Yusupova,582,France,Male,39,5,0,2,1,1,129892.93,0
351,15659420,Foley,659,Spain,Male,32,3,107594.11,2,1,1,102416.84,0
352,15593365,Shih,762,Spain,Male,39,2,81273.13,1,1,1,18719.67,0
353,15777352,Ikedinachukwu,568,Spain,Female,32,7,169399.6,1,1,0,61936.22,0
354,15812007,Power,670,Spain,Male,25,6,0,2,1,1,78358.94,0
355,15625461,Amos,613,France,Female,45,1,187841.99,2,1,1,147224.27,0
356,15739438,Reed,539,France,Male,30,0,0,2,1,0,160979.66,0
357,15611759,Simmons,850,Spain,Female,57,8,126776.3,2,1,1,132298.49,0
358,15661629,Ricci,522,Spain,Male,34,9,126436.29,1,1,0,174248.52,1
359,15633950,Yen,737,France,Male,41,1,101960.74,1,1,1,123547.28,0
360,15592386,Campbell,520,France,Male,58,3,0,2,0,1,32790.02,0
361,15803716,West,706,Spain,Male,28,3,0,2,0,1,181543.67,0
362,15696674,Robinson,643,Germany,Female,45,2,150842.93,1,0,1,2319.96,1
363,15706365,Bianchi,648,France,Female,50,9,102535.57,1,1,1,189543.19,0
364,15745088,Chen,443,Germany,Female,29,9,99027.61,2,1,0,10940.4,0
365,15676715,Madukaego,640,France,Male,68,9,0,2,1,1,199493.38,0
366,15613085,Ibrahimova,628,Spain,Female,33,3,0,1,1,1,188193.25,0
367,15633537,Nolan,540,Germany,Female,42,9,87271.41,2,1,0,172572.64,0
368,15594720,Scott,460,Germany,Female,35,8,102742.91,2,1,1,189339.6,0
369,15684042,Blair,636,Germany,Male,34,2,40105.51,2,0,1,53512.16,0
370,15583303,Monaldo,593,France,Female,29,2,152265.43,1,1,0,34004.44,0
371,15611579,Sutherland,801,Spain,Male,42,4,141947.67,1,1,1,10598.29,0
372,15774696,Cole,640,Germany,Female,75,1,106307.91,2,0,1,113428.77,0
373,15694506,Briggs,611,Germany,Male,31,0,107884.81,2,1,1,183487.98,0
374,15688074,Gregory,802,Germany,Male,31,1,125013.72,1,1,1,187658.09,0
375,15759537,Bianchi,717,Germany,Male,35,7,58469.37,2,1,1,172459.39,0
376,15758449,Angelo,769,France,Female,39,8,0,1,0,1,21016,0
377,15583456,Gardiner,745,Germany,Male,45,10,117231.63,3,1,1,122381.02,1
378,15667871,Kerr,572,Spain,Male,35,4,152390.26,1,1,0,128123.66,0
379,15677371,Ko,629,Spain,Female,30,2,34013.63,1,1,0,19570.63,0
380,15629677,Distefano,687,Spain,Female,39,2,0,3,0,0,188150.6,1
381,15713578,Farrell,483,France,Female,50,9,0,2,1,1,111020.24,0
382,15591509,Milano,690,France,Male,36,7,101583.11,2,1,0,123775.15,0
383,15568240,Ting,492,Germany,Female,30,10,77168.87,2,0,1,146700.22,0
384,15622993,Boyd,709,Germany,Male,28,8,124695.72,2,1,0,145251.35,0
385,15689294,Onyemaechi,705,Germany,Male,44,3,105934.96,1,1,0,82463.69,0
386,15720910,Black,560,France,Female,66,9,0,1,1,1,15928.49,0
387,15721181,Oliver,611,Spain,Male,46,6,0,2,1,0,45886.33,0
388,15776433,Greco,730,Spain,Male,62,2,0,2,1,1,186489.95,0
389,15748936,Whitehead,709,Spain,Female,45,2,0,2,0,1,162922.65,0
390,15717225,Ikemefuna,544,France,Female,21,10,161525.96,2,1,0,9262.77,0
391,15685226,Morrison,712,Germany,Female,29,7,147199.07,1,1,1,84932.4,0
392,15785611,Onyeoruru,752,Germany,Male,38,3,183102.29,1,1,1,71557.12,0
393,15573456,Cunningham,648,Spain,Male,46,9,127209,2,1,0,77405.95,1
394,15684548,Demidov,556,Spain,Male,38,8,0,2,0,0,417.41,1
395,15620505,Celis,594,Spain,Female,24,0,97378.54,1,1,1,71405.17,0
396,15807432,Cheng,645,Germany,Female,37,2,136925.09,2,0,1,153400.24,0
397,15584766,Knight,557,France,Male,33,3,54503.55,1,1,1,371.05,0
398,15612187,Morin,547,Germany,Male,32,8,155726.85,1,1,0,67789.99,0
399,15762218,Mills,701,France,Female,39,9,0,2,0,1,145894.9,0
400,15646372,Outhwaite,616,France,Female,66,1,135842.41,1,1,0,183840.51,1
401,15690452,Tung,605,France,Male,52,1,63349.75,1,1,0,108887.44,0
402,15747795,Pai,593,Germany,Female,38,4,129499.42,1,1,1,154071.27,0
403,15781589,Carpenter,751,Spain,Male,52,8,0,2,0,1,179291.85,0
404,15732674,Fennell,443,Spain,Male,36,6,70438.01,2,0,1,56937.43,0
405,15642291,Fontaine,685,France,Male,23,8,0,2,1,1,112239.03,0
406,15692761,Pratt,718,France,Male,36,9,0,1,1,0,45909.87,0
407,15578045,Mitchell,538,Spain,Female,49,9,141434.04,1,0,0,173779.25,1
408,15745354,Franklin,611,Spain,Female,37,4,0,2,1,0,125696.26,0
409,15701376,K'ung,668,Germany,Male,37,10,152958.29,2,1,1,159585.61,0
410,15691625,Ko,537,Germany,Female,41,3,138306.34,1,1,0,106761.47,0
411,15566594,McKenzie,709,Spain,Male,23,10,0,2,0,0,129590.18,0
412,15760431,Pino,850,France,Male,38,1,0,2,1,1,80006.65,0
413,15686302,Fisk,745,Spain,Female,31,3,124328.84,1,1,1,140451.52,0
414,15801559,Chiang,693,Germany,Female,41,9,181461.48,3,1,1,187929.43,1
415,15810432,Moseley,795,Spain,Male,35,8,0,2,1,0,167155.36,0
416,15809616,Hsiung,626,Spain,Male,26,8,0,2,0,0,191420.71,0
417,15720559,Heath,487,Germany,Female,61,5,110368.03,1,0,0,11384.45,1
418,15695632,Dellucci,556,France,Female,39,9,89588.35,1,1,1,94898.1,0
419,15659843,Li,643,France,Female,46,6,0,2,0,0,106781.59,0
420,15615624,De Salis,605,France,Female,28,6,0,2,0,0,159508.52,0
421,15810418,T'ang,756,Germany,Female,60,3,115924.89,1,1,0,93524.19,1
422,15716186,Richardson,586,France,Female,38,2,0,2,1,0,87168.46,0
423,15674551,Fitch,535,Germany,Male,40,7,111756.5,1,1,0,8128.32,1
424,15622834,Stevenson,678,France,Female,35,4,0,1,1,0,125518.32,0
425,15566111,Estes,596,France,Male,39,9,0,1,1,0,48963.59,0
426,15784597,Lattimore,648,France,Male,26,9,162923.85,1,1,0,98368.24,0
427,15652883,Chung,492,Germany,Male,39,10,124576.65,2,1,0,148584.61,0
428,15806964,Utz,702,France,Male,45,0,80793.58,1,1,1,27474.81,0
429,15576313,Wei,486,Germany,Female,40,9,71340.09,1,1,0,76192.21,0
430,15806467,Boyle,568,Germany,Male,40,1,99282.63,1,0,0,134600.94,1
431,15597602,Nwachinemelu,619,Germany,Male,57,3,137946.39,1,1,1,72467.99,1
432,15743040,Kuznetsova,724,Germany,Male,41,2,127892.57,2,0,1,199645.45,0
433,15705521,Pisani,548,Germany,Female,33,0,101084.36,1,1,0,42749.85,0
434,15595039,Manna,545,Germany,Female,37,8,114754.08,1,1,0,136050.44,1
435,15799384,Collier,683,France,Male,33,8,0,1,0,0,73564.44,0
436,15581197,Ricci,762,France,Female,51,3,99286.98,1,0,1,85578.63,0
437,15693737,Carr,627,Germany,Female,30,4,79871.02,2,1,0,129826.89,0
438,15624623,Hs?,516,France,Male,35,10,104088.59,2,0,0,119666,0
439,15783501,Findlay,800,France,Female,38,2,168190.33,2,1,0,68052.08,0
440,15690134,Hughes,464,Germany,Female,42,3,85679.25,1,1,1,164104.74,0
441,15782735,Chukwuemeka,626,France,Female,35,3,0,1,0,0,80190.36,0
442,15611088,Genovese,790,France,Female,31,9,0,2,1,0,84126.75,0
443,15672145,Swift,534,France,Female,34,7,121551.58,2,1,1,70179,0
444,15732628,Ugoji,745,France,Male,46,2,122220.19,1,1,1,118024.1,0
445,15787470,Parkinson,553,Spain,Male,47,3,116528.15,1,0,0,145704.19,1
446,15803406,Ross,748,France,Female,26,1,77780.29,1,0,1,183049.41,0
447,15730460,Oleary,722,France,Male,37,2,0,1,0,0,120906.83,0
448,15644572,Turnbull,501,France,Male,40,4,125832.2,1,1,1,100433.83,0
449,15694860,Uspensky,675,France,Female,38,6,68065.8,1,0,0,138777,1
450,15658169,Cook,778,Spain,Female,47,6,127299.34,2,1,0,124694.99,0
451,15794396,Newbold,494,Germany,Female,38,7,174937.64,1,1,0,40084.32,0
452,15785798,Uchechukwu,850,France,Male,40,9,0,2,0,1,119232.33,0
453,15710825,Ch'en,592,Spain,Male,31,7,110071.1,1,0,0,43921.36,0
454,15668444,He,590,Spain,Female,44,3,139432.37,1,1,0,62222.81,0
455,15726631,Hilton,758,France,Female,39,6,127357.76,1,0,1,56577,0
456,15733797,Sal,506,France,Male,36,5,0,2,1,0,164253.35,0
457,15747960,Eluemuno,733,France,Male,33,3,0,1,1,1,7666.73,0
458,15634632,Titus,711,France,Male,38,3,0,2,1,0,68487.51,0
459,15707362,Yin,514,Germany,Male,43,1,95556.31,1,0,1,199273.98,1
460,15662976,Lettiere,637,Spain,Male,37,8,0,1,1,1,186062.36,0
461,15732778,Templeman,468,Germany,Male,29,1,111681.98,2,1,1,195711.16,0
462,15718443,Chibuzo,539,France,Male,39,3,0,2,1,0,36692.17,0
463,15670039,Sun,509,Spain,Female,25,3,108738.71,2,1,0,106920.57,0
464,15773792,Evans,662,France,Female,32,4,133950.37,1,1,1,48725.68,1
465,15613786,Ogbonnaya,818,Spain,Male,26,4,0,2,1,1,167036.94,0
466,15726032,Enyinnaya,608,France,Male,33,9,89968.69,1,1,0,68777.26,0
467,15663252,Olisanugo,850,Spain,Female,32,9,0,2,1,1,18924.92,0
468,15593782,Brookes,816,Germany,Female,38,5,130878.75,3,1,0,71905.77,1
469,15633283,Padovano,536,France,Male,35,8,0,2,1,0,64833.28,0
470,15749167,Fisk,753,France,Male,35,3,0,2,1,1,184843.77,0
471,15759298,Shih,631,Spain,Male,27,10,134169.62,1,1,1,176730.02,0
472,15683625,Hare,703,France,Male,37,1,149762.08,1,1,0,20629.4,1
473,15635367,Muir,774,France,Male,26,2,93844.69,1,1,0,28415.36,0
474,15681705,Fanucci,785,France,Male,28,8,0,2,1,0,77231.27,0
475,15603156,Elewechi,571,France,Female,33,1,0,2,1,0,102750.7,0
476,15591986,Johnston,621,Germany,Male,46,6,141078.37,1,0,0,34580.8,1
477,15798888,Pisano,605,Germany,Female,31,1,117992.59,1,1,1,183598.77,0
478,15809722,Ankudinov,611,France,Female,40,8,100812.33,2,1,0,147358.27,0
479,15677538,Nwokike,569,France,Male,38,7,0,1,1,1,108469.2,0
480,15797736,Smith,658,France,Male,29,4,80262.6,1,1,1,20612.82,0
481,15695585,Atkins,788,Spain,Male,34,6,156478.62,1,0,1,181196.76,0
482,15744398,Burns,525,France,Female,23,5,0,2,1,0,160249.1,0
483,15750658,Obiuto,798,France,Male,37,8,0,3,0,0,110783.28,0
484,15578186,Pirozzi,486,Germany,Male,37,9,115217.99,2,1,0,144995.33,0
485,15676519,George,615,Spain,Male,61,9,0,2,1,0,150227.85,1
486,15637954,Lewis,730,France,Female,35,0,155470.55,1,1,1,53718.28,0
487,15758639,Moran,641,France,Male,37,7,0,2,1,0,75248.3,0
488,15613772,Dalrymple,542,France,Male,39,3,135096.77,1,1,1,14353.43,1
489,15731744,Carslaw,692,France,Male,30,2,0,2,0,1,130486.57,0
490,15807709,Kirby,714,Germany,Female,55,9,180075.22,1,1,1,100127.71,0
491,15714689,Houghton,591,Spain,Male,29,1,97541.24,1,1,1,196356.17,0
492,15699005,Martin,710,France,Female,41,2,156067.05,1,1,1,9983.88,0
493,15624170,Tan,639,France,Female,38,4,81550.94,2,0,1,118974.77,0
494,15725679,Hsia,531,France,Female,47,6,0,1,0,0,194998.34,1
495,15585865,Westerberg,673,France,Female,38,2,170061.92,2,0,0,134901.34,1
496,15804256,Hale,765,Germany,Male,36,8,92310.54,2,1,1,72924.56,0
497,15662403,Kryukova,622,France,Female,32,6,169089.38,2,1,0,101057.95,0
498,15733616,Sopuluchukwu,806,France,Male,40,5,80613.93,1,1,1,142838.64,0
499,15591995,Barry,757,Germany,Male,26,8,121581.56,2,1,1,127059.04,0
500,15677020,Selezneva,570,France,Female,58,8,0,1,0,1,116503.92,1
501,15727688,Chizuoke,555,Spain,Male,32,4,0,2,1,1,54405.79,0
502,15715941,Lueck,692,France,Male,54,5,0,2,1,1,88721.84,0
503,15714485,Udinese,774,France,Male,60,5,85891.55,1,1,0,74135.48,1
504,15730059,Udobata,638,Spain,Male,44,9,77637.35,2,1,1,111346.22,0
505,15715527,Freeman,543,Spain,Female,41,4,0,1,0,0,194902.16,0
506,15576623,Outlaw,584,France,Male,31,5,0,2,1,0,31474.27,0
507,15805565,Obiuto,691,Germany,Male,30,7,116927.89,1,1,0,21198.39,0
508,15677307,Lo,684,Germany,Female,40,6,137326.65,1,1,0,186976.6,0
509,15773890,Okechukwu,733,France,Male,22,5,0,2,1,1,117202.19,0
510,15598883,King,599,Spain,Female,37,2,0,2,1,1,143739.29,0
511,15568506,Forbes,524,Germany,Female,31,10,67238.98,2,1,1,161811.23,0
512,15761043,Macleod,632,Germany,Female,38,6,86569.76,2,1,0,98090.91,0
513,15782236,Gibbs,735,Spain,Male,34,5,0,2,0,0,71095.41,0
514,15593601,Isayev,734,France,Male,34,6,133598.4,1,1,1,13107.24,0
515,15682048,Pisano,605,France,Female,51,3,136188.78,1,1,1,67110.59,1
516,15746902,Belstead,793,Spain,Male,38,9,0,2,1,0,88225.02,0
517,15752081,Vassiliev,468,France,Female,56,10,0,3,0,1,62256.87,1
518,15781307,Schneider,779,Germany,Male,37,7,120092.52,2,1,0,135925.72,0
519,15775912,Mazzanti,698,France,Male,48,4,101238.24,2,0,1,177815.87,1
520,15745417,Knipe,707,France,Male,58,6,89685.92,1,0,1,126471.13,0
521,15671256,Macartney,850,France,Female,35,1,211774.31,1,1,0,188574.12,1
522,15653547,Madukwe,850,France,Male,56,7,131317.48,1,1,1,119175.45,0
523,15595766,Watts,527,Spain,Male,37,5,93722.73,2,1,1,139093.73,0
524,15742358,Humphreys,696,Germany,Male,32,8,101160.99,1,1,1,115916.55,0
525,15763274,Wu,661,France,Male,48,3,120320.54,1,0,0,96463.25,0
526,15786063,Chin,776,France,Female,31,2,0,2,1,1,112349.51,0
527,15600258,Chesnokova,701,France,Male,43,2,0,2,1,1,165303.79,0
528,15573318,Kung,610,France,Male,26,8,0,2,1,0,166031.08,0
529,15653849,Lu,572,Germany,Female,48,3,152827.99,1,1,0,38411.79,1
530,15694272,Nkemakolam,673,France,Male,30,1,64097.75,1,1,1,77783.35,0
531,15736112,Walton,519,Spain,Female,57,2,119035.35,2,1,1,29871.79,0
532,15749851,Brookes,702,Spain,Female,26,4,135219.57,1,0,1,59747.63,0
533,15663478,Baldwin,729,France,Male,32,6,93694.42,1,1,1,79919.13,0
534,15592300,Mai,543,Spain,Male,35,10,59408.63,1,1,0,76773.53,0
535,15567832,Shih,550,France,Female,40,7,114354.95,1,1,0,54018.93,0
536,15776780,He,608,France,Male,59,1,0,1,1,0,70649.64,1
537,15592846,Fiorentini,639,Germany,Male,35,10,128173.9,2,1,0,59093.39,0
538,15739803,Lucciano,686,Spain,Male,34,9,0,2,1,0,127569.8,0
539,15794142,Ferreira,564,Germany,Female,62,5,114931.35,3,0,1,18260.98,1
540,15762729,Ukaegbunam,745,Germany,Female,28,1,111071.36,1,1,0,73275.96,1
541,15667896,De Luca,833,France,Male,37,8,151226.18,2,1,1,136129.49,0
542,15626578,Milne,622,France,Male,26,9,0,2,1,1,153237.59,0
543,15776223,Davide,597,France,Female,42,4,64740.12,1,1,1,106841.12,0
544,15705953,Kodilinyechukwu,721,Spain,Male,51,0,169312.13,1,1,0,109078.35,1
545,15802593,Little,504,France,Female,49,7,0,3,0,1,87822.14,1
546,15615457,Burns,842,Spain,Female,44,2,112652.08,2,1,0,126644.98,0
547,15708916,Paterson,587,France,Male,38,0,0,2,1,0,47414.15,0
548,15720187,Han,479,Germany,Female,30,7,143964.36,2,1,0,41879.99,0
549,15595440,Kryukova,508,France,Male,49,7,122451.46,2,1,1,75808.1,0
550,15600651,Ijendu,749,France,Male,24,1,0,3,1,1,47911.03,0
551,15750141,Reichard,721,Germany,Female,36,3,65253.07,2,1,0,28737.78,0
552,15657284,Day,674,Germany,Male,47,6,106901.94,1,1,1,2079.2,1
553,15763063,Price,685,Spain,Female,25,10,128509.63,1,1,0,121562.33,0
554,15709324,Bruce,417,France,Male,34,7,0,2,1,0,55003.79,0
555,15711309,Sumrall,574,Germany,Male,33,3,129834.67,1,1,0,193131.42,0
556,15775318,Lu,590,Spain,Female,51,3,154962.99,3,0,1,191932.27,1
557,15705515,Lazarev,587,Germany,Male,40,5,138241.9,2,1,0,159418.1,0
558,15634844,Miller,598,Germany,Male,41,3,91536.93,1,1,0,191468.78,1
559,15717046,Wentworth-Shields,741,Spain,Male,53,3,0,2,1,1,38913.68,0
560,15571816,Ritchie,850,Spain,Female,70,5,0,1,1,1,705.18,0
561,15670080,Mackenzie,584,Germany,Female,29,7,105204.01,1,0,1,138490.03,0
562,15800440,Power,650,Spain,Male,61,1,152968.73,1,0,1,82970.69,0
563,15665678,Tan,607,Spain,Male,36,8,158261.68,1,1,1,76744.72,0
564,15665956,Pendergrass,509,France,Female,46,1,0,1,1,0,71244.59,1
565,15788126,Evans,689,Spain,Female,38,6,121021.05,1,1,1,12182.15,0
566,15811773,Hsia,543,France,Male,36,4,0,2,1,1,141210.5,0
567,15651674,Billson,438,Spain,Female,54,2,0,1,0,0,191763.07,1
568,15689614,Teng,687,Spain,Female,63,1,137715.66,1,1,1,37938.74,0
569,15795564,Moretti,737,Germany,Male,31,5,121192.22,2,1,1,74890.58,0
570,15706647,Jordan,761,France,Male,31,7,0,3,1,1,166698.18,0
571,15728505,Ts'ao,601,France,Male,44,1,100486.18,2,1,1,62678.53,0
572,15730076,Osborne,651,France,Male,45,1,0,1,1,0,67740.08,1
573,15622003,Carslaw,745,France,Male,35,9,92566.53,2,1,0,161519.77,0
574,15607312,Ch'ang,648,Spain,Female,49,10,0,2,1,1,159835.78,1
575,15644753,Hung,848,Spain,Male,40,3,110929.96,1,1,1,30876.84,0
576,15653620,Gordon,546,France,Female,27,8,0,2,1,1,14858.1,0
577,15761986,Obialo,439,Spain,Female,32,3,138901.61,1,1,0,75685.97,0
578,15633922,Gray,755,France,Male,30,4,123217.66,2,0,1,144183.1,0
579,15734674,Lin,593,France,Female,41,6,0,1,1,0,65170.66,0
580,15658032,Hopkins,701,France,Male,39,2,0,2,1,1,82526.92,0
581,15692671,Dobson,701,Spain,Male,36,8,0,2,1,0,169161.46,0
582,15737741,McKay,607,Spain,Female,33,2,108431.87,2,0,1,109291.39,1
583,15576352,Revell,586,Spain,Female,57,3,0,2,0,1,6057.81,0
584,15753719,Rickards,547,Germany,Female,30,9,72392.41,1,1,0,77077.14,0
585,15803689,Begum,647,Germany,Female,51,1,119741.77,2,0,0,54954.51,1
586,15718057,Onyinyechukwuka,760,France,Female,51,2,100946.71,1,0,0,179614.8,1
587,15722010,Zuyev,621,Spain,Male,53,9,170491.84,1,1,0,35588.07,1
588,15680998,Nwankwo,725,France,Male,44,5,0,1,1,1,117356.14,0
589,15614782,Hao,526,France,Male,36,1,0,1,1,0,160696.72,0
590,15591047,Ma,519,Spain,Female,47,6,157296.02,2,0,0,147278.43,1
591,15788291,Okwuadigbo,713,Germany,Female,38,7,144606.22,1,1,1,56594.36,1
592,15604044,Mitchell,700,France,Male,38,8,134811.3,1,1,0,1299.75,0
593,15679587,Chan,666,France,Female,34,9,115897.12,1,1,1,25095.03,0
594,15775153,Buchi,630,Spain,Male,32,4,82034,1,0,0,146326.45,0
595,15603925,Greco,779,Spain,Female,26,4,174318.13,2,0,1,38296.21,0
596,15680970,Lombardi,611,Germany,Female,41,2,114206.84,1,1,0,164061.6,0
597,15697183,Uchenna,685,Spain,Male,43,9,0,2,1,0,107811.28,0
598,15567446,Coffman,646,Germany,Male,39,9,111574.41,1,1,1,30838.51,0
599,15637476,Alexandrova,683,Germany,Female,57,5,162448.69,1,0,0,9221.78,1
600,15714939,Fallaci,484,Germany,Female,34,4,148249.54,1,0,1,33738.27,0
601,15683503,Hudson,601,France,Female,43,8,0,3,0,1,110916.15,1
602,15645569,Mai,762,Spain,Female,26,7,123709.46,2,1,1,169654.57,0
603,15782569,Stout,687,France,Female,72,9,0,1,0,1,69829.4,0
604,15592387,Burke,566,France,Male,30,5,0,1,1,0,54926.51,1
605,15609286,Chadwick,702,France,Male,37,10,150525.8,1,1,1,94728.49,0
606,15814035,Lawrence,601,France,Male,29,9,0,1,1,1,80393.27,0
607,15661249,Bellucci,699,France,Male,53,4,0,2,0,1,111307.98,0
608,15629117,Harper,584,France,Male,28,10,0,2,1,0,19834.32,0
609,15607170,Boyle,699,France,Male,35,5,0,2,1,1,78397.24,0
610,15586585,Duncan,698,Germany,Female,51,2,111018.98,1,1,0,86410.28,0
611,15686611,Moss,495,France,Male,30,10,129755.99,1,0,0,172749.65,0
612,15603203,Avdeyeva,650,France,Female,27,6,0,2,1,0,1002.39,0
613,15619857,Crawford,605,France,Female,64,2,129555.7,1,1,1,13601.79,0
614,15805062,Lynton,667,Spain,Male,38,1,87202.38,1,1,1,77866.91,0
615,15660271,Duncan,688,Germany,Male,26,8,146133.39,1,1,1,175296.76,0
616,15745295,Gether,727,Spain,Female,31,0,0,1,1,0,121751.04,1
617,15719352,Davidson,754,Spain,Male,39,6,170184.99,2,1,0,89593.26,0
618,15766575,Larionova,612,Germany,Female,62,8,140745.33,1,1,0,193437.89,1
619,15594594,Loggia,546,Spain,Male,42,7,139070.51,1,1,1,86945,0
620,15646161,Steinhoff,673,Spain,Female,37,8,0,2,1,1,183318.79,0
621,15682585,Guerra,593,France,Male,35,9,114193.24,1,1,0,71154.1,0
622,15603134,Pai,656,Spain,Female,40,10,167878.5,1,0,1,151887.16,0
623,15636444,Craig,535,Germany,Female,53,5,141616.55,2,1,1,75888.65,0
624,15773456,Lazareva,678,Germany,Male,36,3,145747.67,2,0,1,89566.74,0
625,15745307,Ch'iu,477,Spain,Female,48,2,129120.64,1,0,1,26475.79,0
626,15604119,Alderete,850,Spain,Male,35,7,110349.82,1,0,0,126355.8,0
627,15626900,Kung,427,France,Male,29,1,141325.56,1,1,1,93839.3,0
628,15605447,Palermo,752,France,Male,49,2,78653.84,1,1,0,7698.6,0
629,15589030,Ts'ai,649,France,Male,47,1,0,2,1,1,145593.85,0
630,15692463,Rahman,799,Spain,Female,28,3,142253.65,1,1,0,45042.56,0
631,15712403,McMillan,589,France,Female,61,1,0,1,1,0,61108.56,1
632,15811762,Pickering,583,Germany,Female,54,6,115988.86,1,1,0,57553.98,1
633,15718673,Mirams,839,Spain,Female,33,10,75592.43,1,1,0,62674.42,0
634,15724282,Tsao,540,Germany,Male,44,3,164113.04,2,1,1,12120.79,0
635,15738181,Douglas,850,France,Male,31,6,67996.23,2,0,0,50129.87,1
636,15633648,Jideofor,696,Spain,Female,51,5,0,2,1,0,55022.43,0
637,15603323,Bell,660,Spain,Female,33,1,0,2,0,0,117834.91,0
638,15583725,Mairinger,682,France,Male,48,1,138778.15,1,0,1,168840.23,0
639,15588350,McIntyre,744,France,Female,43,10,147832.15,1,0,1,24234.11,0
640,15798398,Pagnotto,785,France,Female,36,4,135438.4,1,0,0,190627.01,0
641,15784844,K'ung,752,Spain,Male,48,5,116060.08,1,1,0,156618.38,1
642,15580684,Feng,706,France,Female,29,5,112564.62,1,1,0,42334.38,0
643,15809663,Donaldson,583,France,Female,27,1,125406.58,1,1,1,110784.42,0
644,15640078,Chambers,660,Germany,Female,39,5,135134.99,1,1,0,173683,1
645,15698786,Marcelo,819,France,Female,39,9,133102.92,1,1,0,27046.46,1
646,15569807,Ejimofor,673,France,Female,34,8,42157.08,1,1,0,20598.59,1
647,15730830,Dale,752,France,Female,30,3,0,2,1,1,104991.28,0
648,15805112,Pokrovsky,578,France,Male,38,7,82259.29,1,1,0,8996.97,0
649,15633064,Stonebraker,438,France,Female,36,4,0,2,1,0,64420.5,0
650,15703119,Liang,652,France,Male,38,6,0,2,1,1,145700.22,0
651,15730447,Anderson,629,France,Female,49,4,0,2,1,1,196335.48,0
652,15813850,Christian,720,France,Male,52,7,0,1,1,1,14781.12,0
653,15711889,Mao,668,France,Male,42,3,150461.07,1,1,0,108139.23,0
654,15664610,Campbell,459,Germany,Male,48,4,133994.52,1,1,1,19287.06,1
655,15751710,Ginikanwa,729,Spain,Male,31,8,164870.81,2,1,1,9567.39,0
656,15692926,Toscani,498,Germany,Male,25,8,121702.73,1,1,1,132210.49,0
657,15813741,Nnachetam,549,Spain,Male,25,6,193858.2,1,0,1,21600.11,0
658,15698474,Sagese,601,Germany,Female,54,1,131039.97,2,1,1,199661.5,0
659,15568595,Fleming,544,France,Male,64,9,113829.45,1,1,1,124341.49,0
660,15603065,Grubb,751,France,Female,30,6,0,2,1,0,15766.1,0
661,15592937,Napolitani,632,Germany,Female,41,3,81877.38,1,1,1,33642.21,0
662,15699637,Anenechi,694,Spain,Male,57,8,116326.07,1,1,1,117704.65,0
663,15667215,Chandler,678,France,Male,31,2,0,2,1,1,58803.28,0
664,15788659,Howells,695,France,Male,46,4,0,2,1,1,137537.22,0
665,15763218,Akeroyd,661,France,Female,41,1,0,2,0,1,131300.68,0
666,15645772,Onwumelu,661,France,Male,33,9,0,2,1,1,84174.81,0
667,15725511,Wallace,559,France,Female,31,3,127070.73,1,0,1,160941.78,0
668,15575024,Uwaezuoke,503,France,Male,29,3,0,2,1,1,143954.99,0
669,15640825,Loyau,695,Spain,Male,46,3,122549.64,1,1,1,56297.85,0
670,15662397,Small,640,France,Female,42,5,176099.13,1,1,1,8404.73,0
671,15576368,Bledsoe,624,Germany,Female,48,3,122388.38,2,0,0,30020.09,0
672,15674991,Kao,667,France,Male,42,9,0,2,0,1,58137.42,0
673,15721024,Wickens,642,France,Male,26,0,0,1,0,0,47472.68,0
674,15745621,Wertheim,640,Spain,Female,32,6,118879.35,2,1,1,19131.71,0
675,15642394,He,529,Spain,Male,35,5,0,2,1,1,187288.5,0
676,15754605,Jarvis,563,France,Female,39,5,0,2,1,1,17603.81,0
677,15607040,P'an,593,Spain,Female,38,4,88736.44,2,1,0,67020.03,0
678,15715142,Repina,739,Germany,Male,45,7,102703.62,1,0,1,147802.94,1
679,15810978,Pugliesi,788,Spain,Female,70,1,0,2,1,1,41610.62,0
680,15668886,Blakey,684,Spain,Female,38,3,0,2,1,0,44255.65,0
681,15780804,Nucci,482,France,Male,55,5,97318.25,1,0,1,78416.14,0
682,15613880,Higinbotham,591,Spain,Male,58,5,128468.69,1,0,1,137254.55,0
683,15775238,Achebe,651,Germany,Female,41,4,133432.59,1,0,1,151303.48,0
684,15786905,Russo,749,Germany,Female,40,8,141782.57,2,0,0,86333.63,0
685,15747867,Trevisani,583,France,Male,24,9,135125.28,1,0,0,89801.9,0
686,15600337,Dobie,661,Spain,Male,42,2,178820.91,1,0,0,29358.57,1
687,15801277,Maccallum,715,France,Female,31,2,112212.14,2,1,1,181600.72,0
688,15579334,Watkins,769,Germany,Female,45,5,126674.81,1,1,0,124118.71,1
689,15802741,Mitchel,625,France,Female,51,7,136294.97,1,1,0,38867.46,1
690,15720649,Ferdinand,641,France,Female,36,5,66392.64,1,1,0,31106.67,0
691,15589493,Otitodilinna,716,Germany,Male,27,1,122552.34,2,1,0,67611.36,0
692,15688251,Mamelu,767,France,Male,43,1,76408.85,2,1,0,77837.63,0
693,15665238,Beneventi,745,Germany,Male,36,8,145071.24,1,0,0,6078.46,0
694,15740900,Perrodin,589,France,Male,34,6,0,2,1,1,177896.92,0
695,15681068,Chinagorom,796,France,Female,45,2,109730.22,1,1,1,123882.73,0
696,15748625,Napolitano,664,France,Male,57,6,0,2,1,1,15304.08,0
697,15727299,Edgar,445,Spain,Male,62,1,64119.38,1,1,1,76569.64,1
698,15620204,Walker,543,Germany,Female,57,1,106138.33,2,1,1,120657.32,1
699,15669516,Steele,746,Spain,Male,36,2,0,2,1,1,16436.56,0
700,15736534,Elkins,742,Germany,Male,33,0,181656.51,1,1,1,107667.91,0
701,15803457,Hao,750,France,Female,32,5,0,2,1,0,95611.47,0
702,15659098,Toscano,669,France,Male,30,7,95128.86,1,0,0,19799.26,0
703,15603436,Savage,594,Spain,Female,49,2,126615.94,2,0,1,123214.74,0
704,15566292,Okwuadigbo,574,Spain,Male,36,1,0,2,0,1,71709.12,0
705,15808621,Mordvinova,659,Germany,Male,36,2,76190.48,2,1,1,149066.14,0
706,15580148,Welch,750,Germany,Male,40,5,168286.81,3,1,0,20451.99,1
707,15776231,Kent,626,Germany,Male,35,4,88109.81,1,1,1,32825.5,0
708,15773809,Campbell,620,France,Male,42,4,0,2,1,0,6232.31,0
709,15649423,Cooper,580,France,Female,35,8,0,2,0,1,10357.03,0
710,15734886,Mazzi,686,France,Female,34,3,123971.51,2,1,0,147794.63,0
711,15722548,Fisher,540,France,Male,48,0,148116.48,1,0,0,116973.48,0
712,15650288,Summers,634,Germany,Male,35,6,116269.01,1,1,0,129964.94,0
713,15629448,Brady,632,Spain,Male,38,1,120599.21,1,1,0,92816.86,0
714,15716164,Nicholls,501,France,Female,41,3,144260.5,1,1,0,172114.67,0
715,15807609,Yuan,650,Spain,Female,25,3,86605.5,3,1,0,16649.31,1
716,15578977,Robinson,786,France,Male,34,9,0,2,1,0,144517.19,0
717,15677369,Golubov,554,Germany,Female,37,4,58629.97,1,0,0,182038.6,0
718,15804072,Chen,701,Spain,Female,42,5,0,2,0,0,24210.56,0
719,15696859,Oldham,474,France,Male,45,10,0,2,0,0,172175.9,0
720,15653780,Kambinachi,621,France,Female,43,5,0,1,1,1,47578.45,0
721,15721658,Fleming,672,Spain,Female,56,2,209767.31,2,1,1,150694.42,1
722,15578761,Cunningham,459,Spain,Female,42,6,129634.25,2,1,1,177683.02,1
723,15736879,Obinna,669,France,Male,23,1,0,2,0,0,66088.83,0
724,15571973,Chinwemma,776,France,Female,38,2,169824.46,1,1,0,169291.7,0
725,15626742,Carpenter,694,France,Male,36,3,97530.25,1,1,1,117140.41,0
726,15672692,Yin,787,France,Female,42,10,145988.65,2,1,1,79510.37,0
727,15673570,Olsen,580,France,Male,37,9,0,2,0,1,77108.66,0
728,15767432,Ts'ai,711,France,Female,25,7,0,3,1,1,9679.28,0
729,15654238,Jen,673,France,Female,40,5,137494.28,1,1,0,81753.92,0
730,15612525,Preston,499,France,Female,57,1,0,1,0,0,131372.38,1
731,15812750,Ozioma,591,France,Male,24,6,147360,1,1,1,25310.82,0
732,15790757,Cody,769,France,Female,25,10,0,2,0,0,187925.75,0
733,15723873,Ponomarev,657,Spain,Male,31,3,125167.02,1,0,0,98820.39,0
734,15744607,Martin,738,Germany,Male,43,9,121152.05,2,1,0,64166.7,1
735,15612966,Milani,545,Germany,Female,60,7,128981.07,1,0,1,176924.21,1
736,15784209,Tang,497,France,Male,47,6,0,1,1,1,90055.08,0
737,15794278,Romani,816,Spain,Male,67,6,151858.98,1,1,1,72814.31,0
738,15766741,McIntyre,525,France,Male,36,2,114628.4,1,0,1,168290.06,0
739,15661036,Davis,725,France,Male,46,6,0,2,1,0,161767.38,0
740,15705639,Onyemauchechukwu,692,France,Female,28,8,95059.02,2,1,0,44420.18,0
741,15637414,Gell,618,France,Female,24,7,128736.39,1,0,1,37147.61,0
742,15716835,Rossi,546,France,Male,24,8,156325.38,1,1,1,125381.02,0
743,15696231,Chiwetelu,635,France,Male,29,7,105405.97,1,1,1,149853.89,0
744,15641675,Kirillova,611,France,Female,49,2,88915.37,3,0,0,161435.02,1
745,15670755,Shaw,650,France,Male,60,8,0,2,1,1,102925.76,0
746,15640059,Smith,606,France,Male,40,5,0,2,1,1,70899.27,0
747,15787619,Hsieh,844,France,Male,18,2,160980.03,1,0,0,145936.28,0
748,15587535,Onyemauchechukwu,450,Spain,Female,46,5,177619.71,1,1,0,54227.06,0
749,15813034,Martin,727,Spain,Male,38,2,62276.99,1,1,1,59280.79,0
750,15698839,Okwudilichukwu,460,Germany,Male,46,4,127559.97,2,1,1,126952.5,0
751,15790314,Onuoha,649,France,Male,41,0,0,2,0,1,130567.02,0
752,15634245,Muecke,758,Germany,Female,47,9,95523.16,1,1,0,73294.48,0
753,15677305,Hsieh,490,France,Female,35,7,107749.03,1,1,1,3937.37,0
754,15661526,Anderson,815,Germany,Male,37,2,110777.26,2,1,0,2383.59,0
755,15685997,Azubuike,838,Spain,Female,39,5,166733.92,2,1,0,14279.44,0
756,15660101,Nnonso,803,France,Male,31,9,157120.86,2,1,0,141300.53,0
757,15637979,Fuller,664,Germany,Female,36,2,127160.78,2,1,0,78140.75,0
758,15815364,Ashley,736,Spain,Female,28,2,0,2,1,1,117431.1,0
759,15647099,Ts'ui,633,France,Female,37,9,156091.97,1,1,0,72008.61,0
760,15625944,Buccho,664,France,Male,58,5,98668.18,1,1,1,60887.58,0
761,15583212,Chidozie,600,France,Female,43,5,134022.06,1,1,0,194764.83,0
762,15582741,Maclean,693,France,Female,35,5,124151.09,1,1,0,88705.14,1
763,15637876,Burns,663,Germany,Female,36,6,77253.5,1,0,0,35817.97,1
764,15622750,Chu,742,Germany,Female,21,1,114292.48,1,1,0,31520.4,0
765,15672056,Kenenna,710,Germany,Male,43,2,140080.32,3,1,1,157908.19,1
766,15812351,Beluchi,710,Spain,Female,27,2,135277.96,1,1,0,142200.15,0
767,15810864,Williamson,700,France,Female,82,2,0,2,0,1,182055.36,0
768,15677921,Bobrov,720,Germany,Male,60,9,115920.62,2,0,0,157552.08,1
769,15724296,Kerr,684,Spain,Male,41,2,119782.72,2,0,0,120284.67,0
770,15685329,McKenzie,531,France,Female,63,1,114715.71,1,0,1,24506.95,1
771,15584091,Pitts,742,Germany,Female,36,2,129748.54,2,0,0,47271.61,1
772,15640442,Standish,717,France,Male,31,4,129722.57,1,0,0,41176.6,0
773,15639314,Cartwright,589,France,Male,32,2,0,2,0,1,9468.64,0
774,15685320,Johnstone,767,France,Male,36,3,139180.2,1,0,0,123880.19,0
775,15789158,Nikitina,636,Germany,Male,49,6,113599.74,2,1,0,158887.09,1
776,15752137,McElroy,648,France,Male,33,7,134944,1,1,1,117036.38,0
777,15712551,Shen,622,Germany,Female,58,7,116922.25,1,1,0,120415.61,1
778,15628936,Archer,692,Spain,Male,28,9,118945.09,1,0,0,16064.25,1
779,15797227,Otutodilinna,754,France,Male,28,8,0,2,1,1,52615.62,0
780,15769974,Shih,679,Spain,Female,35,8,119182.73,1,0,0,121210.09,0
781,15737051,Denisov,639,France,Male,27,8,0,2,1,0,192247.35,0
782,15585595,Owens,774,France,Female,28,1,71264.02,2,0,1,68759.57,0
783,15654060,P'eng,517,France,Male,41,2,0,2,0,1,75937.47,0
784,15745196,Verco,571,France,Female,35,8,0,2,0,0,84569.13,0
785,15571221,Bergamaschi,747,Germany,Male,58,7,116313.57,1,1,1,190696.35,1
786,15660155,Lorenzo,792,Spain,Male,36,5,92140.15,1,0,1,67468.67,0
787,15605284,Outtrim,688,France,Male,26,1,0,2,1,1,104435.94,0
788,15694366,Hou,714,Germany,Male,42,2,177640.09,1,0,1,47166.55,0
789,15600739,Galkin,562,Spain,Female,35,0,0,2,1,0,119899.52,0
790,15653253,Pagnotto,704,Spain,Male,48,8,167997.6,1,1,1,173498.45,0
791,15763431,Echezonachukwu,698,France,Male,36,2,82275.35,2,1,1,93249.26,0
792,15643696,Young,611,France,Male,49,3,0,2,1,1,142917.54,0
793,15707473,Summers,850,Germany,Female,48,6,111962.99,1,1,0,111755.8,0
794,15769504,Munro,743,Germany,Female,34,1,131736.88,1,1,1,108543.21,0
795,15776807,Brennan,654,France,Male,29,1,0,1,1,0,180345.44,0
796,15686870,Ball,761,Germany,Male,36,8,108239.11,2,0,0,99444.02,0
797,15668747,Virgo,702,France,Female,46,9,98444.19,1,0,1,109563.28,0
798,15766908,Trevisani,488,Germany,Male,32,3,114540.38,1,1,0,92568.07,0
799,15570134,Padovano,683,France,Female,35,6,187530.66,2,1,1,37976.36,0
800,15567367,Tao,601,Germany,Female,42,9,133636.16,1,0,1,103315.74,0
801,15747542,Perez,605,France,Male,52,7,0,2,1,1,173952.5,0
802,15762238,Fraser,671,Germany,Female,44,0,84745.03,2,0,1,34673.98,0
803,15681554,Alley,614,Germany,Female,31,7,120599.38,2,1,1,46163.44,0
804,15712825,Howells,511,Spain,Female,29,9,0,2,0,1,140676.98,0
805,15640280,Cameron,850,France,Male,39,4,127771.35,2,0,1,151738.54,0
806,15756026,Hooper,790,Spain,Female,46,9,0,1,0,0,14679.81,1
807,15613319,Rice,793,France,Female,33,0,0,1,0,0,175544.02,0
808,15798906,Cox,628,France,Male,69,5,0,2,1,1,181964.6,0
809,15708917,Martin,598,Germany,Male,53,10,167772.96,1,1,1,136886.86,0
810,15778463,Ikenna,657,France,Female,37,6,95845.6,1,1,0,122218.23,0
811,15699430,Davide,618,France,Female,35,10,0,2,1,0,180439.75,0
812,15649992,Alexander,681,Spain,Male,65,7,134714.7,2,0,1,190419.81,0
813,15578980,Piazza,516,Spain,Female,33,3,0,2,1,1,58685.59,0
814,15775306,Ni,421,Germany,Male,28,8,122384.22,3,1,1,89017.38,1
815,15641655,Black,700,France,Female,26,2,0,2,0,0,50051.42,0
816,15619708,Harker,745,France,Male,25,5,157993.15,2,1,0,146041.45,0
817,15734565,Hughes,696,France,Male,29,8,0,2,1,0,191166.09,0
818,15806438,Chiabuotu,580,Germany,Female,42,2,123331.36,1,0,0,103516.08,1
819,15591969,Kuo,497,Spain,Male,27,9,75263.16,1,1,1,164825.04,0
820,15747807,Gallagher,720,France,Female,43,6,137824.03,2,1,0,172557.77,0
821,15596939,Calabresi,659,Germany,Male,36,4,132578.92,2,1,0,84320.94,0
822,15716155,Shaw,841,France,Female,36,5,156021.31,1,0,0,122662.98,0
823,15765311,Zhirov,642,Spain,Male,34,8,0,1,1,0,72085.1,0
824,15757811,Lloyd,732,Spain,Female,69,9,137453.43,1,0,1,110932.24,1
825,15603830,Palmer,600,Spain,Male,36,4,0,2,1,0,143635.36,0
826,15660602,Ch'eng,464,Germany,Male,33,8,164284.72,2,1,1,3710.34,0
827,15660535,Avent,680,France,Female,47,5,0,2,1,1,179843.33,0
828,15666633,Huang,758,Spain,Male,56,1,0,2,1,1,10643.38,0
829,15596914,Shaw,630,Germany,Female,31,2,112373.49,2,1,1,131167.98,0
830,15639788,Yuan,577,France,Female,39,10,0,2,1,0,10553.31,0
831,15695846,Hawkins,684,France,Female,34,6,0,2,1,1,130928.22,0
832,15726234,Trentini,708,Spain,Female,41,5,0,1,0,1,157003.99,0
833,15797964,Cameron,732,Germany,Female,29,1,154333.82,1,1,1,138527.56,0
834,15625881,Koehler,634,Germany,Male,37,3,111432.77,2,1,1,167032.49,0
835,15780628,Wu,633,France,Female,30,6,0,2,0,0,41642.29,0
836,15575883,Manna,559,France,Male,34,2,137390.11,2,1,0,9677,0
837,15585036,Okoli,694,Spain,Female,37,3,0,2,1,1,147012.22,0
838,15589488,Ch'eng,686,Germany,Female,56,5,111642.08,1,1,1,80553.87,0
839,15585888,Nwokezuike,553,Spain,Female,48,3,0,1,0,1,30730.95,1
840,15727915,Artemiev,507,France,Male,36,4,83543.37,1,0,0,140134.43,0
841,15707567,Esposito,732,Germany,Male,50,6,145338.76,1,0,0,91936.1,1
842,15737792,Abbie,818,France,Female,31,1,186796.37,1,0,0,178252.63,0
843,15599433,Fanucci,660,Germany,Male,35,8,58641.43,1,0,1,198674.08,0
844,15672012,Jen,773,Spain,Female,41,5,0,1,1,0,28266.9,1
845,15806983,Moss,640,France,Male,44,3,137148.68,1,1,0,92381.01,0
846,15592222,Lo,505,France,Male,49,7,80001.23,1,0,0,135180.11,0
847,15608968,Averyanov,714,Germany,Male,21,6,86402.52,2,0,0,27330.59,0
848,15586959,Unaipon,468,France,Female,42,5,0,2,1,0,125305.34,0
849,15646558,Clamp,611,Spain,Male,51,1,122874.74,1,1,1,149648.45,0
850,15725811,Lim,705,France,Male,25,0,97544.29,1,0,1,59887.15,0
851,15572265,Wu,646,Germany,Male,46,1,170826.55,2,1,0,45041.32,0
852,15794048,Wan,667,Germany,Female,48,1,97133.92,2,0,0,113316.77,1
853,15677610,Chambers,511,Germany,Female,41,8,153895.65,1,1,1,39087.42,0
854,15745012,Pettit,653,France,Female,43,6,0,2,1,1,7330.59,0
855,15601589,Baresi,675,France,Female,57,8,0,2,0,1,95463.29,0
856,15686436,Newbery,523,Spain,Male,32,4,0,2,1,0,167848.02,0
857,15693864,Iheanacho,567,Germany,Female,49,5,134956.02,1,1,0,93953.84,1
858,15760550,Duncan,741,Spain,Male,39,7,143637.58,2,0,1,174227.66,0
859,15686137,Barry,456,Spain,Male,32,9,147506.25,1,1,1,135399.21,0
860,15809087,Landry,598,France,Male,64,1,0,2,1,0,195635.3,1
861,15807663,McGregor,667,France,Male,43,8,190227.46,1,1,0,97508.04,1
862,15809100,Nucci,548,France,Female,32,2,172448.77,1,1,0,188083.77,1
863,15794916,Pirogov,725,France,Male,41,7,113980.21,1,1,1,116704.25,0
864,15614215,Oguejiofor,717,France,Male,53,6,0,2,0,1,97614.87,0
865,15805449,Ugochukwu,594,France,Male,38,4,0,2,0,0,186884.04,0
866,15686983,Rohu,678,Germany,Female,25,10,76968.12,2,0,1,131501.72,0
867,15808017,Cary,545,France,Male,38,1,88293.13,2,1,1,24302.95,0
868,15756804,O'Loghlen,636,France,Female,48,1,170833.46,1,1,0,110510.28,1
869,15646810,Quinn,603,Germany,Male,44,6,108122.39,2,1,0,108488.33,1
870,15710424,Page,435,France,Male,36,4,0,1,1,1,197015.2,0
871,15799422,Evans,535,France,Female,40,8,0,1,1,1,27689.77,0
872,15692750,McGregor,629,Germany,Female,45,7,129818.39,3,1,0,9217.55,1
873,15794549,Andrews,722,France,Female,35,2,163943.89,2,1,1,15068.18,0
874,15803764,Stanley,561,France,Male,28,7,0,2,1,0,7797.01,0
875,15674840,Chiazagomekpere,645,France,Female,38,5,101430.3,2,0,1,4400.32,0
876,15653762,Chidiebele,501,France,Female,39,9,117301.66,1,0,0,182025.95,0
877,15581229,Gregory,502,Germany,Female,32,1,173340.83,1,0,1,122763.95,0
878,15800228,Bednall,652,Spain,Female,42,4,0,2,1,1,38152.01,0
879,15656333,Jen,574,France,Female,33,3,134348.57,1,1,0,63163.99,0
880,15697497,She,518,France,Female,45,9,105525.65,2,1,1,73418.29,0
881,15585362,Simmons,749,France,Female,60,6,0,1,1,0,17978.68,1
882,15571928,Fraser,679,France,Female,43,4,0,3,1,0,115136.51,1
883,15785519,May,565,France,Male,36,6,106192.1,1,1,0,149575.59,0
884,15743007,Seabrook,643,France,Female,45,4,45144.43,1,1,0,60917.24,1
885,15777211,Herrera,515,France,Male,65,7,92113.61,1,1,1,142548.33,0
886,15721935,Kincaid,521,France,Male,25,7,0,2,1,1,157878.67,0
887,15591711,Sleeman,739,Spain,Male,38,0,128366.44,1,1,0,12796.43,0
888,15625021,Hung,585,France,Male,42,2,0,2,1,1,18657.77,0
889,15702968,Artemieva,733,Germany,Male,74,3,106545.53,1,1,1,134589.58,0
890,15600462,Barwell,542,France,Female,43,8,145618.37,1,0,1,10350.74,0
891,15768104,Wright,788,Spain,Male,37,8,141541.25,1,0,0,66013.27,0
892,15780140,Bellucci,435,Germany,Male,32,2,57017.06,2,1,1,5907.11,0
893,15585255,Moore,577,France,Male,42,9,0,1,1,0,74077.91,0
894,15772781,Ball,703,France,Female,51,3,0,3,1,1,77294.56,1
895,15669987,Sung,728,Germany,Female,35,8,125884.95,2,1,0,54359.02,1
896,15697000,Mello,728,Germany,Male,32,5,61825.5,1,1,1,156124.93,0
897,15733119,Mistry,718,France,Male,35,8,0,2,1,0,94820.85,0
898,15782390,T'ien,621,France,Female,40,6,0,1,1,0,155155.25,0
899,15654700,Fallaci,523,France,Female,40,2,102967.41,1,1,0,128702.1,1
900,15632210,Hill,657,Germany,Male,25,2,171770.55,1,1,0,22745.5,0
901,15642041,Burns,727,Germany,Male,40,1,93051.64,2,1,0,71865.31,1
902,15709737,Hunter,643,France,Male,36,7,161064.64,2,0,1,84294.82,0
903,15792388,Li,645,France,Female,48,7,90612.34,1,1,1,149139.13,0
904,15786014,Ku,568,France,Male,28,5,145105.64,2,1,0,185489.11,0
905,15794580,Ch'en,599,France,Male,58,4,0,1,0,0,176407.15,1
906,15675964,Chukwukadibia,672,France,Female,45,9,0,1,1,1,92027.69,1
907,15814275,Zikoranachidimma,685,France,Male,33,6,174912.72,1,1,1,43932.54,0
908,15724848,Oluchukwu,516,France,Female,46,1,104947.72,1,1,0,115789.25,1
909,15754713,Rivera,685,Spain,Male,31,10,135213.71,1,1,1,125777.28,0
910,15693814,Niu,806,Spain,Male,25,7,0,2,1,0,18461.9,0
911,15599660,Bennett,604,France,Male,36,6,116229.85,2,1,1,79633.38,0
912,15746490,Wollstonecraft,648,Spain,Female,53,6,111201.41,1,1,1,121542.29,0
913,15566091,Thomsen,545,Spain,Female,32,4,0,1,1,0,94739.2,0
914,15655961,Palermo,756,Germany,Male,27,1,131899,1,1,0,93302.29,0
915,15710404,Chinwendu,569,France,Male,35,10,124525.52,1,1,1,193793.78,0
916,15775625,McKenzie,596,France,Male,47,6,0,1,1,0,74835.65,0
917,15792328,James,475,France,Male,39,6,0,1,1,1,56999.9,1
918,15719856,Lamb,646,France,Female,45,3,47134.75,1,1,1,57236.44,0
919,15593773,Olejuru,784,Spain,Male,35,3,0,2,0,0,81483.64,0
920,15733114,Hay,552,Spain,Male,45,9,0,2,1,0,26752.56,0
921,15797748,Lu,729,France,Male,44,5,0,2,0,1,9200.54,0
922,15743411,Chiawuotu,609,Spain,Male,61,1,0,1,1,0,22447.85,1
923,15753337,Yeates,555,France,Male,51,5,0,3,1,0,189122.89,1
924,15601026,Gallagher,572,Germany,Female,19,1,138657.08,1,1,1,16161.82,0
925,15658485,Heath,785,France,Female,34,9,70302.48,1,1,1,68600.36,0
926,15636731,Ts'ai,714,Germany,Female,36,1,101609.01,2,1,1,447.73,0
927,15628303,Thurgood,738,Spain,Male,35,3,0,1,1,1,15650.73,0
928,15633461,Pai,639,Germany,Male,38,5,130170.82,1,1,1,149599.62,0
929,15677135,Lorenzo,520,Germany,Male,61,8,133802.29,2,1,1,90304.01,0
930,15590876,Knupp,764,France,Female,24,7,106234.02,1,0,0,115676.38,0
931,15790782,Baryshnikov,661,Spain,Male,39,6,132628.98,1,0,0,38812.67,0
932,15700476,Azubuike,564,Germany,Male,41,9,103522.75,2,1,1,34338.21,0
933,15634141,Shephard,708,Germany,Female,42,8,192390.52,2,1,0,823.36,0
934,15737795,Scott,512,Spain,Male,36,1,0,1,0,1,135482.26,1
935,15790299,Williamson,592,Spain,Male,37,9,0,3,1,1,10656.89,0
936,15675316,Avdeeva,619,France,Female,38,3,0,2,0,1,116467.35,0
937,15613630,Tang,775,France,Male,52,8,109922.61,1,1,1,96823.32,1
938,15662100,Hsu,850,Germany,Female,44,5,128605.32,1,0,1,171096.2,0
939,15668032,Buchanan,577,France,Female,37,4,0,1,1,1,79881.39,0
940,15599289,Yeh,724,France,Female,37,10,68598.56,1,1,0,157862.82,0
941,15754084,Palazzi,710,Spain,Male,35,1,106518.52,1,1,1,127951.81,0
942,15676521,Y?an,696,France,Female,31,8,0,2,0,0,191074.11,0
943,15804586,Lin,376,France,Female,46,6,0,1,1,0,157333.69,1
944,15781465,Schofield,675,Germany,Female,29,8,121326.42,1,1,0,133457.52,0
945,15729362,Lombardi,745,France,Male,36,8,67226.37,1,1,0,130789.6,0
946,15709295,Wall,697,Spain,Female,25,5,82931.85,2,1,1,128373.88,0
947,15745324,Milani,599,Spain,Female,39,4,0,1,1,0,194273.2,1
948,15741336,Ejimofor,715,France,Female,38,5,118590.41,1,1,1,5684.17,1
949,15783659,Blackburn,659,France,Male,67,4,145981.87,1,1,1,131043.2,0
950,15620981,Wickham,684,France,Female,48,3,73309.38,1,0,0,21228.34,1
951,15630328,Bird,635,France,Female,48,8,130796.33,2,1,1,43250.3,0
952,15785899,Ch'en,789,Germany,Male,33,8,151607.56,1,1,0,4389.4,0
953,15606149,Wood,571,Germany,Female,66,9,111577.01,1,0,1,189271.9,0
954,15671139,Brizendine,694,Spain,Male,39,0,107042.74,1,1,1,102284.2,0
955,15660429,Ch'in,665,Spain,Female,42,2,156371.61,2,0,1,156774.94,1
956,15571002,Yusupov,706,France,Female,44,4,129605.99,1,0,0,69865.49,0
957,15631681,Jibunoh,807,Spain,Female,43,0,0,2,0,1,85523.24,0
958,15731522,Ts'ui,771,Spain,Female,67,8,0,2,1,1,51219.8,0
959,15619529,Ndukaku,531,Spain,Male,27,8,132576.25,1,0,0,7222.92,0
960,15628034,Wilder,629,France,Female,37,6,129101.3,1,1,1,23971.33,0
961,15686164,Maclean,850,Germany,Female,31,1,108822.4,1,1,1,132173.31,0
962,15582797,Ch'iu,685,Spain,Male,35,4,137948.51,1,1,0,113639.64,0
963,15753831,Cox,642,Spain,Male,32,7,100433.8,1,1,1,39768.59,0
964,15731815,Nepean,529,Spain,Male,63,4,96134.11,3,1,0,108732.96,1
965,15580956,McNess,683,Germany,Female,43,4,115888.04,1,1,1,117349.19,1
966,15602084,Coles,663,France,Female,42,5,124626.07,1,1,1,78004.5,0
967,15589805,Benson,563,France,Female,34,6,139810.34,1,1,1,152417.79,0
968,15720893,Gilbert,637,Spain,Female,34,9,0,2,0,0,26057.08,0
969,15641009,Wilhelm,544,France,Male,37,3,84496.71,1,0,0,79972.09,0
970,15605926,Sinclair,649,Germany,Male,70,9,116854.71,2,0,1,107125.79,0
971,15805955,L?,638,France,Female,48,10,138333.03,1,1,1,47679.14,0
972,15801488,Buckner,723,France,Male,25,3,0,2,1,1,134509.47,0
973,15605918,Padovesi,635,Germany,Male,43,5,78992.75,2,0,0,153265.31,0
974,15779711,Gray,750,Spain,Female,38,7,97257.41,2,0,1,179883.04,0
975,15705620,Lu,730,France,Male,34,5,122453.37,2,1,0,138882.98,0
976,15685357,Wright,750,Spain,Female,36,8,112940.07,1,0,1,9855.81,0
977,15570060,Palerma,586,France,Female,43,8,132558.26,1,1,0,67046.83,1
978,15582616,Y?an,520,France,Female,38,4,0,2,1,0,56388.63,0
979,15799515,Wei,652,France,Female,48,8,133297.24,1,1,0,77764.37,0
980,15642937,Padovesi,550,France,Female,46,7,0,2,1,0,130590.35,0
981,15624729,Tsao,594,France,Male,27,0,197041.8,1,0,0,151912.49,0
982,15566156,Franklin,749,Germany,Female,44,0,71497.79,2,0,0,151083.8,0
983,15792360,Clark,668,France,Male,32,7,0,2,1,1,777.37,0
984,15807008,McGregor,614,Germany,Female,35,6,128100.28,1,0,0,69454.24,1
985,15704770,Pan,773,France,Male,25,1,124532.78,2,0,1,11723.57,0
986,15756475,Kenniff,551,Germany,Male,31,9,82293.82,2,1,1,91565.25,0
987,15655339,Spencer,566,France,Male,36,1,142120.91,1,1,0,79616.37,0
988,15613749,Lees,569,Spain,Male,34,0,151839.26,1,1,0,102299.81,1
989,15664521,David,659,Spain,Male,31,7,149620.88,2,1,1,104533.51,0
990,15681206,Hsing,722,France,Female,49,3,168197.66,1,1,0,140765.57,1
991,15745527,Burke,655,France,Male,37,5,93147,2,1,0,66214.13,0
992,15806926,Watson,615,France,Female,35,2,97440.02,2,1,1,139816.1,0
993,15724563,Hawkins,752,Germany,Female,42,3,65046.08,2,0,1,140139.28,0
994,15782899,Ginn,661,Spain,Female,28,7,95357.49,1,0,0,102297.15,0
995,15623521,Sozonov,838,Spain,Male,43,9,123105.88,2,1,0,145765.83,0
996,15810218,Sun,610,Spain,Male,29,9,0,3,0,1,83912.24,0
997,15645621,Hunter,811,Spain,Male,44,3,0,2,0,1,78439.73,0
998,15608114,Manfrin,587,Spain,Male,62,7,121286.27,1,0,1,6776.92,0
999,15659557,Artamonova,811,Germany,Female,28,4,167738.82,2,1,1,9903.42,0
1000,15787772,Hansen,759,France,Female,38,1,104091.29,1,0,0,91561.91,0
1001,15691111,Pai,648,Germany,Female,42,8,121980.56,2,1,0,4027.02,0
1002,15592089,Larsen,788,France,Female,43,10,0,2,1,1,116111.51,0
1003,15633897,Owen,725,Germany,Male,39,1,50880.98,2,1,1,184023.54,0
1004,15701301,Murphy,646,France,Female,42,3,175159.9,2,0,0,67124.48,1
1005,15723685,Ekechukwu,601,Germany,Female,26,7,105514.69,2,1,0,50070.59,0
1006,15701602,Ayers,521,Germany,Male,52,5,116497.31,3,0,0,53793.1,1
1007,15739189,Johnson,561,Spain,Female,33,6,0,2,1,0,45261.47,0
1008,15573086,Millar,564,France,Male,42,7,99824.45,1,1,1,36721.4,0
1009,15569050,Farrell,444,France,Male,45,6,0,1,1,0,130009.85,1
1010,15750765,Sanders,650,Spain,Male,71,0,0,1,1,1,175380.77,0
1011,15799811,Herrera,724,France,Male,40,10,0,1,1,0,127847.25,1
1012,15698442,Eberechukwu,719,Spain,Male,35,3,122964.88,1,1,1,138231.7,0
1013,15655274,Bardin,548,France,Female,29,4,0,2,0,1,48673.18,0
1014,15603594,Nwankwo,635,Spain,Male,24,4,0,2,1,1,70668.77,0
1015,15585961,Talbot,496,Spain,Female,43,3,0,2,0,1,199505.53,0
1016,15686936,McGregor,676,France,Female,37,5,89634.69,1,1,1,169583.18,1
1017,15770424,Onyeorulu,541,Germany,Male,40,7,95710.11,2,1,0,49063.42,0
1018,15587451,Goold,778,Germany,Male,41,7,139706.31,1,1,0,63337.19,0
1019,15602010,Zikoranaudodimma,850,Germany,Female,45,5,103909.86,1,1,0,60083.11,1
1020,15600583,Garner,633,France,Male,31,1,0,1,1,0,48606.71,0
1021,15654673,Onyinyechukwuka,625,France,Male,49,6,173434.9,1,1,0,165580.93,1
1022,15717164,Genovese,485,Spain,Male,32,6,102238.01,2,1,1,194010.12,0
1023,15765014,Mai,547,France,Female,48,1,179380.74,2,0,1,69263.1,0
1024,15682639,Marshall,642,France,Male,32,3,0,2,1,1,88698.83,0
1025,15729279,Naylor,718,France,Female,25,4,108691.95,1,1,0,63030.97,0
1026,15759805,Pinto,582,France,Female,32,4,0,2,1,0,59668.81,0
1027,15767864,Fulton,628,France,Male,33,6,0,2,0,0,184230.23,0
1028,15769948,Palerma,737,Germany,Male,35,0,133377.8,1,0,1,64050.19,0
1029,15686345,McCaffrey,828,Spain,Male,34,9,0,2,1,1,81853.98,0
1030,15688071,Collins,609,Spain,Male,53,10,0,1,1,1,154642.91,0
1031,15681174,Zuev,730,France,Male,39,1,116537.6,1,0,0,145679.6,0
1032,15667521,Crawford,631,France,Female,22,3,0,2,0,0,30781.77,0
1033,15750243,Genovese,830,Spain,Male,40,4,0,2,0,1,81622.52,0
1034,15695475,Maclean,645,France,Male,29,1,130131.08,2,0,1,196474.35,0
1035,15689176,Fabro,663,France,Male,46,3,0,2,0,1,176276.1,0
1036,15652955,Price,678,Spain,Male,30,0,0,1,1,0,35113.08,0
1037,15668958,Chatfield,521,France,Male,30,2,107316.09,1,1,0,64299.82,0
1038,15631054,Volkova,625,France,Female,24,1,0,2,1,1,180969.55,0
1039,15581479,Archer,523,France,Male,30,1,83181.29,1,1,1,138176.78,0
1040,15577478,Ch'iu,714,France,Female,72,3,0,1,1,1,86733.61,0
1041,15780870,McKay,580,Spain,Male,67,3,153946.14,1,1,1,7418.92,0
1042,15692317,Craig,722,France,Male,30,5,0,2,1,0,166376.54,0
1043,15593969,Abramovich,630,Spain,Female,39,7,135483.17,1,1,0,140881.2,1
1044,15570417,Chien,579,France,Male,35,1,0,2,1,0,4460.2,0
1045,15779059,Timms,670,France,Female,38,4,119624.54,2,1,1,110472.12,0
1046,15785980,Williford,588,Spain,Male,34,6,121132.26,2,1,0,86460.28,0
1047,15644200,Hamilton,807,Spain,Female,42,1,0,1,1,0,16500.66,1
1048,15793949,Cheng,726,France,Female,48,4,0,1,1,0,114020.06,1
1049,15645103,Su,812,Germany,Male,25,5,54817.55,1,1,0,131660.31,0
1050,15705860,McKenzie,631,Germany,Male,40,3,107949.45,1,1,0,52449.62,1
1051,15623828,Akobundu,682,France,Male,30,4,0,1,0,1,161465.31,0
1052,15715003,Ko,625,Spain,Female,49,2,80816.45,1,1,1,20018.79,0
1053,15623471,Marcelo,607,Germany,Male,38,3,98205.77,1,1,0,176318.27,0
1054,15798348,Chukwuebuka,600,Spain,Female,50,6,94684.27,1,1,1,50488.91,0
1055,15743016,MacDonald,602,Spain,Female,22,7,141604.76,1,1,0,30379.6,0
1056,15769499,Lampungmeiua,545,Spain,Female,74,3,0,2,1,1,161326.73,0
1057,15798521,Tai,675,Spain,Male,33,3,0,2,1,0,45348.08,0
1058,15706534,Enyinnaya,581,France,Female,47,1,122949.14,1,0,0,180251.68,1
1059,15706186,McKenzie,640,Germany,Male,33,8,81677.22,2,0,0,34925.56,0
1060,15812197,Kline,850,France,Male,38,7,80293.98,1,0,0,126555.74,0
1061,15650933,Ma,490,Spain,Female,48,8,155413.06,1,1,0,187921.3,0
1062,15692991,Wood,710,Spain,Female,38,4,0,2,1,1,136390.88,0
1063,15631189,Riggs,613,Germany,Male,38,9,67111.65,1,1,0,78566.64,1
1064,15762198,Capon,812,France,Male,34,5,103818.43,1,1,1,166038.27,0
1065,15699598,Smith,723,France,Female,20,4,0,2,1,1,140385.33,0
1066,15692744,Davison,512,France,Male,36,4,152169.12,2,0,0,38629.3,1
1067,15688963,Ingram,731,France,Female,52,10,0,1,1,1,24998.75,1
1068,15599131,Dilke,650,Germany,Male,26,4,214346.96,2,1,0,128815.33,0
1069,15680303,Gibson,594,France,Male,57,6,0,1,1,0,19376.56,1
1070,15628674,Iadanza,844,France,Male,40,7,113348.14,1,1,0,31904.31,1
1071,15648075,Hebert,686,Germany,Female,47,5,170935.94,1,1,0,173179.79,1
1072,15586970,Pinto,695,Germany,Male,52,8,103023.26,1,1,1,22485.64,0
1073,15625698,Dumetochukwu,624,Spain,Female,23,6,0,2,0,1,196668.51,0
1074,15790497,Ross,503,Spain,Male,37,6,0,2,0,0,136506.86,0
1075,15682618,Jamieson,535,France,Female,31,7,111855.04,2,1,1,36278.89,0
1076,15762937,Chiganu,743,Germany,Female,32,6,140348.56,2,1,1,163254.39,0
1077,15750929,Burgess,702,Spain,Male,39,8,0,2,1,0,99654.13,0
1078,15729832,Cheng,658,France,Male,29,3,145512.84,1,1,0,20207.02,0
1079,15633650,Woods,677,Germany,Female,41,8,146720.98,2,1,1,4195.84,0
1080,15748856,Liang,664,France,Male,32,10,107209.73,1,1,1,112340.2,0
1081,15589195,Bluett,766,Germany,Female,38,7,130933.74,1,0,1,2035.94,0
1082,15699911,Chapman,461,Spain,Female,35,8,0,1,1,0,132295.95,0
1083,15663438,Andrejew,688,Spain,Male,36,0,89772.3,1,1,0,177383.68,1
1084,15692583,Udobata,678,France,Female,32,5,0,2,1,0,90284.47,0
1085,15591257,Ejimofor,796,France,Male,24,8,0,2,1,0,61349.37,0
1086,15646513,Spyer,803,France,Male,42,5,0,1,1,0,196466.83,1
1087,15708063,Walker,712,France,Male,36,2,100749.5,3,0,0,70758.37,1
1088,15696098,Palermo,498,France,Female,31,10,0,2,1,0,13892.57,0
1089,15645517,Philip,850,Spain,Male,22,2,0,2,1,1,9684.52,0
1090,15649744,Fallaci,628,France,Female,51,3,123981.31,2,1,1,40546.15,0
1091,15604304,Perry,539,Germany,Female,34,4,91622.42,1,1,1,136603.42,0
1092,15784092,Henderson,732,France,Male,36,7,126195.81,1,1,1,133172.48,0
1093,15585198,Bergamaschi,715,France,Male,41,4,94267.9,1,0,1,152821.12,1
1094,15624347,Fokine,651,France,Male,40,4,0,2,1,1,147715.83,0
1095,15621687,Mackay,813,France,Male,34,0,0,2,1,0,43169.15,0
1096,15689081,Wu,692,France,Male,29,4,0,1,1,0,76755.99,1
1097,15813168,Maslova,756,Germany,Female,39,3,100717.85,3,1,1,73406.04,1
1098,15604295,Wei,543,France,Male,36,6,0,2,1,0,176728.28,0
1099,15724127,McLean,790,France,Female,26,4,141581.71,2,0,0,98309.27,0
1100,15673055,Sung,494,Spain,Male,38,7,0,2,1,1,6203.66,0
1101,15768201,Paterson,850,France,Female,39,2,148586.64,1,1,1,176791.27,0
1102,15782219,Fanucci,703,Spain,Male,29,9,0,2,1,0,50679.48,0
1103,15746410,Thompson,432,Spain,Male,38,7,0,2,1,0,150580.88,0
1104,15780144,Tisdall,512,Germany,Female,32,2,123403.85,2,1,0,80120.19,0
1105,15590476,Onochie,589,France,Male,28,7,0,2,1,0,151645.96,0
1106,15624293,Mironova,514,France,Female,46,3,106511.85,1,1,0,55072.32,0
1107,15618182,Ndubueze,678,France,Female,38,2,0,2,0,0,115068.99,0
1108,15660316,Stephenson,420,Germany,Female,34,1,135549.9,1,0,0,149471.13,1
1109,15678886,Golubev,679,Germany,Male,38,7,110555.37,2,1,0,46522.68,0
1110,15616330,Liao,595,France,Male,31,4,0,2,1,0,189995.86,0
1111,15592229,Mullan,713,France,Female,52,0,185891.54,1,1,1,46369.57,1
1112,15798424,Glover,833,Germany,Male,59,1,130854.59,1,1,1,30722.52,1
1113,15714750,Northey,690,France,Female,42,3,92578.14,2,0,0,70810.6,0
1114,15648800,Paterson,731,Germany,Female,21,8,132312.06,1,1,0,106663.46,1
1115,15626147,Maclean,608,France,Female,62,8,144976.5,1,0,0,175836.03,1
1116,15626608,Howarde,479,Spain,Male,48,5,87070.23,1,0,1,85646.41,0
1117,15723250,Teng,519,France,Male,42,8,0,2,1,1,101485.72,0
1118,15592583,Colman,731,France,Female,47,1,115414.19,3,0,0,191734.67,1
1119,15759381,Johnson,617,Spain,Male,61,7,91070.43,1,1,1,101839.77,0
1120,15585241,Butcher,756,Spain,Male,29,2,117412.19,2,1,0,4888.91,0
1121,15589358,Stanley,848,Germany,Male,31,4,90018.45,2,1,0,193132.98,0
1122,15672704,Jackson,809,France,Female,24,4,0,2,1,0,193518.76,0
1123,15789955,Hu,698,Germany,Male,56,1,112414.81,2,0,0,93982.02,1
1124,15596800,Hill,779,Germany,Male,33,1,158456.76,1,1,1,197000.92,1
1125,15627305,Pan,606,Spain,Male,35,7,0,1,1,0,106837.06,1
1126,15645316,Han,612,Germany,Female,58,1,149641.53,1,1,1,115161.28,0
1127,15593973,Wilkie,663,Spain,Female,33,8,122528.18,1,1,0,196260.3,0
1128,15647301,Bray,549,Germany,Female,45,3,143734.01,2,1,1,96404.38,0
1129,15750258,Ann,675,France,Female,32,2,155663.31,1,1,0,97658.66,0
1130,15685309,Souter,669,France,Female,35,7,0,1,1,1,49108.23,1
1131,15628205,Greco,571,Germany,Female,34,1,101736.66,1,0,1,195651.66,0
1132,15733974,Mao,500,Spain,Male,37,9,125822.21,1,1,0,111698,0
1133,15762110,Anderson,628,France,Male,37,0,0,2,1,1,171707.93,0
1134,15706899,Ma,559,France,Male,34,4,0,2,1,1,66721.98,0
1135,15732660,Black,769,France,Female,27,2,0,1,1,1,57876.05,0
1136,15656121,Medvedeva,733,Germany,Male,31,6,157791.07,2,0,0,177994.81,0
1137,15614220,Benson,750,France,Male,22,5,0,2,0,1,105125.65,0
1138,15645269,Duncan,583,France,Female,42,4,0,2,1,0,17439.66,0
1139,15698510,Onwudiwe,468,Germany,Male,42,9,181627.14,2,1,0,172668.39,0
1140,15569247,Mitchell,727,Spain,Female,57,1,109679.72,1,0,1,753.37,0
1141,15566251,Ferrari,618,France,Female,37,5,96652.86,1,1,0,98686.4,1
1142,15716134,Russo,617,France,Male,40,5,190008.32,2,1,1,107047.92,0
1143,15763625,Hazon,793,Spain,Male,41,9,0,2,1,0,152153.74,0
1144,15605965,Henderson,630,France,Male,43,9,0,2,1,1,34338.04,0
1145,15694821,Hardy,765,Germany,Male,43,4,148962.76,1,0,1,173878.87,1
1146,15601688,Piccio,546,France,Male,28,8,0,1,1,0,159254.29,0
1147,15575581,Dickson,614,Germany,Female,30,3,131344.52,2,1,0,54776.64,0
1148,15671209,Holden,593,Germany,Female,29,5,101713.84,3,1,0,134594.99,0
1149,15616529,Hsieh,613,Spain,Male,34,3,0,1,1,1,41724.72,0
1150,15773906,Doherty,655,France,Male,38,4,0,2,0,0,110527.71,0
1151,15722993,Page,700,France,Female,27,6,137963.07,1,0,0,8996.79,0
1152,15752463,Samuel,826,Spain,Female,29,4,129938.07,1,0,1,190200.53,0
1153,15589754,Malloy,652,Germany,Male,45,2,151421.44,1,0,1,115333.43,0
1154,15669899,Fitts,755,Germany,Female,45,7,135643,1,0,0,143619.52,1
1155,15766887,Iadanza,538,Spain,Male,39,2,122773.5,2,1,1,58467.08,0
1156,15768006,Wu,729,France,Male,34,3,152303.8,1,1,0,12128.69,0
1157,15741295,Yefimova,615,France,Male,49,3,0,2,1,1,49872.33,0
1158,15811327,Pan,700,Spain,Male,54,1,79415.67,1,0,1,139735.54,0
1159,15690007,Ts'ui,434,Germany,Female,58,9,125801.03,2,1,0,60891.8,1
1160,15690664,Liang,729,Spain,Male,37,10,0,2,1,0,100862.54,0
1161,15719348,Tsao,513,France,Male,35,8,0,1,1,0,76640.29,1
1162,15781802,Abramov,755,France,Male,41,6,104817.41,1,1,0,126013.58,1
1163,15752731,Millar,615,France,Female,30,9,0,1,1,0,87347.82,0
1164,15600997,Demuth,747,Germany,Female,32,5,67495.04,2,0,1,77370.37,0
1165,15750776,Genovese,850,France,Female,36,0,164850.54,1,1,1,62722.44,0
1166,15723907,Lawless,712,Germany,Female,49,5,154776.42,2,0,0,196257.68,0
1167,15633419,Brooks,622,Germany,Female,28,1,143124.63,2,1,0,81723.8,0
1168,15702430,Ignatyeva,548,France,Female,35,10,0,1,1,1,31299.71,0
1169,15710456,Balmain,607,France,Female,27,2,0,2,1,0,63495.86,0
1170,15650351,Millar,653,France,Female,38,8,102133.38,1,1,1,166520.96,0
1171,15590820,Ecuyer,699,Spain,Male,26,6,79932.41,1,0,0,150242.44,0
1172,15640454,Parkhill,693,Germany,Male,40,0,120711.73,1,0,0,27345.18,1
1173,15697789,Li Fonti,647,Germany,Female,43,3,122717.53,2,1,1,87000.39,0
1174,15808182,Beneventi,478,Spain,Female,36,3,92363.3,2,1,0,44912.7,0
1175,15588670,Despeissis,705,Spain,Female,40,5,203715.15,1,1,0,179978.68,1
1176,15721292,Atkins,719,Spain,Male,39,5,0,2,1,0,145759.7,0
1177,15604217,Williams,726,France,Male,34,9,0,2,0,0,14121.61,0
1178,15651369,Wright,626,France,Male,21,1,0,2,1,0,66232.23,0
1179,15782454,Hancock,552,France,Male,49,4,0,1,1,1,190296.76,1
1180,15814032,Hsieh,807,Germany,Female,31,1,93460.47,2,0,0,172782.69,0
1181,15570326,Wilkins,621,France,Male,34,6,0,2,1,1,99128.13,0
1182,15624428,Longo,651,Germany,Female,24,7,40224.7,1,1,1,178341.33,0
1183,15755638,Mancini,673,France,Female,43,5,168069.73,1,1,1,146992.24,1
1184,15600992,Madukaego,652,France,Male,36,1,0,2,1,1,151314.98,0
1185,15755649,Winter-Irving,584,Germany,Male,47,7,130538.77,1,1,0,92915.84,0
1186,15795228,Stewart,756,France,Male,37,3,132623.6,1,1,1,58974,0
1187,15589257,Grant,670,France,Female,35,3,103465.02,2,1,1,174627.06,0
1188,15719302,Brennan,765,France,Female,50,9,126547.8,1,1,1,79579.94,1
1189,15639882,She,528,France,Male,30,2,128262.72,2,1,0,50771.16,0
1190,15791279,Murray,701,France,Male,40,5,169742.64,1,1,1,153537.55,1
1191,15636935,Rischbieth,797,France,Female,29,1,0,2,1,1,132975.39,0
1192,15686909,Lung,639,Germany,Male,27,3,150795.81,1,0,1,85208.93,0
1193,15589572,Otutodilichukwu,785,Spain,Female,61,4,129855.72,2,1,0,170214.82,1
1194,15779947,Thomas,363,Spain,Female,28,6,146098.43,3,1,0,100615.14,1
1195,15573769,Fiorentini,764,France,Female,24,7,0,2,1,0,186105.99,0
1196,15578866,Hughes,676,France,Female,43,2,0,1,1,1,55119.53,0
1197,15739131,Whitworth,718,Germany,Male,28,4,65643.3,1,1,0,28760.99,0
1198,15813444,McIntosh,590,Spain,Female,34,6,0,2,1,0,171021.44,0
1199,15678058,Ayers,584,France,Male,38,9,104584.16,1,1,0,176678.72,0
1200,15769169,Trentino,645,France,Male,41,7,0,1,0,1,28667.56,0
1201,15804602,Boyd,772,Germany,Male,30,6,99785.28,2,0,0,197238.03,0
1202,15651052,McMasters,399,Germany,Male,46,2,127655.22,1,1,0,139994.68,1
1203,15724334,Alekseyeva,529,France,Male,22,5,0,1,1,0,151169.83,0
1204,15569451,Miller,463,France,Male,35,2,101257.16,1,1,1,118113.64,0
1205,15650098,Baranova,630,France,Female,40,7,0,2,1,1,34453.17,0
1206,15724307,Mitchell,780,France,Male,76,10,121313.88,1,0,1,64872.33,0
1207,15599268,Yobachi,584,Spain,Male,32,5,0,2,1,0,10956.82,0
1208,15594864,Huang,752,Germany,Male,30,4,81523.38,1,1,1,36885.85,0
1209,15616451,Genovese,697,France,Female,47,6,128252.66,1,1,1,168053.4,0
1210,15715667,Sorokina,850,France,Female,32,7,0,2,0,0,155227,0
1211,15658969,Gray,711,France,Male,51,7,0,3,1,0,38409.79,1
1212,15738174,Ervin,452,France,Female,32,5,0,2,0,1,75279.39,0
1213,15813590,Vance,610,Spain,Male,42,6,0,2,1,0,158302.59,1
1214,15624229,Noble,694,France,Female,22,4,0,2,1,1,11525.72,0
1215,15674148,Milanesi,579,Spain,Male,33,6,0,1,1,0,94993.04,1
1216,15625080,Parkin,745,Spain,Female,54,8,0,1,1,0,173912.29,1
1217,15682528,Cremonesi,572,France,Male,33,5,0,1,0,1,41139.05,0
1218,15696900,Burns,505,Germany,Male,29,3,145541.56,2,1,1,58019.95,0
1219,15730038,Docherty,706,France,Female,23,5,0,1,0,0,164128.41,1
1220,15812272,Ugonna,693,Germany,Male,44,5,124601.58,2,1,1,46998.13,1
1221,15654654,L?,725,Germany,Female,33,7,115182.84,2,1,1,177279.41,0
1222,15697625,Bevan,791,France,Male,37,2,163789.49,2,1,0,75832.53,0
1223,15616280,Hsia,536,France,Male,46,1,65733.41,1,1,0,61094.53,0
1224,15654229,O'Neill,699,Spain,Male,47,1,0,2,0,1,30117.44,0
1225,15628298,Johnstone,500,Spain,Female,47,8,128486.11,1,1,0,179227.12,0
1226,15733387,Pham,707,Spain,Female,53,6,109663.47,1,1,1,52110.45,0
1227,15775572,Bergamaschi,531,Germany,Female,42,6,88324.31,2,1,0,75248.75,0
1228,15613844,Murphy,557,France,Female,28,7,146445.24,2,1,0,184317.74,0
1229,15578515,Osinachi,659,France,Female,38,3,0,2,1,0,158553.1,0
1230,15607598,Muravyov,575,Spain,Female,31,6,0,2,1,1,95686.42,0
1231,15742480,Igwebuike,775,Germany,Male,36,2,109949.05,2,0,1,71682.54,0
1232,15749482,Zack,772,Spain,Male,30,4,78653.05,1,1,0,1790.48,0
1233,15607537,Crawford,587,Germany,Male,46,9,107850.82,1,1,0,139431,1
1234,15575410,Chidiegwu,667,Germany,Female,39,4,83765.35,2,1,0,118358.54,0
1235,15684865,Lucchesi,771,France,Female,66,7,143773.07,1,1,1,130827.88,0
1236,15600700,Pan,523,Germany,Male,63,6,116227.27,1,1,1,119404.63,0
1237,15774155,Trevisani,662,Germany,Male,33,0,103471.52,1,1,1,162703,0
1238,15634267,Yudin,717,France,Male,42,5,0,2,1,0,172665.21,0
1239,15619626,Wade,746,France,Male,24,3,137492.35,2,0,1,170142.09,0
1240,15660422,Chung,569,France,Male,28,7,0,2,1,0,73977.23,0
1241,15617934,Septimus,579,France,Male,36,9,129829.59,1,1,1,60906.12,0
1242,15760774,Hargraves,519,France,Female,21,1,146329.57,2,1,1,194867.27,0
1243,15813132,Chukwukadibia,696,Germany,Male,30,4,114027.7,1,1,1,193716.56,0
1244,15593331,Sidorov,693,Germany,Male,25,6,146580.69,1,0,1,14633.35,0
1245,15616709,Bunton,587,Germany,Female,38,0,132122.42,2,0,0,31730.32,0
1246,15658052,Cameron,626,France,Female,44,10,81553.93,1,1,0,20063.63,1
1247,15721189,Kung,666,France,Female,66,7,0,2,1,1,99792.82,0
1248,15711288,Hay,512,France,Male,24,6,0,2,1,0,37654.31,0
1249,15770030,Conti,689,Spain,Female,28,3,0,2,1,1,192449.02,0
1250,15803681,Sims,803,France,Female,26,4,0,2,1,1,181208.47,0
1251,15702789,Carter,548,Germany,Male,32,5,175214.71,1,1,1,155165.61,0
1252,15814930,McGregor,588,Germany,Female,40,10,125534.51,1,1,0,121504.18,1
1253,15658306,Lo,693,France,Male,68,4,97705.99,1,1,1,61569.07,0
1254,15699523,Chu,499,Germany,Female,55,4,126817.65,2,1,0,123269.71,0
1255,15610383,Dumetolisa,628,France,Female,46,1,46870.43,4,1,0,31272.14,1
1256,15615032,Peng,624,Spain,Male,46,3,0,2,1,1,62825.03,0
1257,15781989,Drake-Brockman,733,France,Male,42,9,120094.93,1,1,0,184056.45,0
1258,15647402,Wan,628,France,Female,38,3,0,2,1,1,48924.73,0
1259,15740494,Cameron,633,France,Female,33,3,0,2,1,0,191111.02,0
1260,15701265,Tretiakov,559,Germany,Female,36,1,104356.94,2,0,1,54184.06,0
1261,15743532,Ball,704,Germany,Male,27,5,147004.34,1,1,0,64381.33,1
1262,15794870,Sal,744,Germany,Male,38,6,73023.17,2,1,0,78770.86,0
1263,15747591,Chung,665,Spain,Female,40,1,173432.55,1,0,1,116766.79,0
1264,15726557,Lai,638,France,Female,42,7,165679.92,1,0,0,32916.29,0
1265,15732199,Gether,837,Spain,Male,31,9,104678.62,1,0,1,50972.6,0
1266,15662291,Davidson,534,France,Female,55,8,116973.26,3,1,0,122066.5,1
1267,15749050,Justice,548,France,Female,36,3,0,1,1,0,65996.9,0
1268,15781586,Osonduagwuike,837,Germany,Male,38,2,126732.85,1,1,1,79577.38,0
1269,15617078,Ewing,658,France,Female,44,6,148481.09,1,1,0,130529.13,0
1270,15723339,Chin,554,France,Female,38,4,137654.05,2,1,1,172629.67,0
1271,15671322,Chiang,724,Germany,Male,30,7,115315.04,1,1,0,15216.53,0
1272,15793854,Ahmed,723,France,Male,42,2,99095.73,1,1,1,17512.53,0
1273,15756539,Marshall,585,Germany,Female,39,7,165610.41,2,0,0,131852.01,0
1274,15612064,Tsou,474,France,Male,33,5,0,2,1,0,181945.52,1
1275,15625916,Chien,562,Spain,Male,32,6,161628.66,1,1,0,91482.5,0
1276,15683195,Ubanwa,719,France,Male,32,9,146605.27,1,1,1,77119.45,0
1277,15690182,Kapustin,635,Germany,Male,37,5,113488.68,1,1,0,95611.74,1
1278,15721719,Calabresi,743,France,Male,42,7,77002.2,2,1,1,80428.42,0
1279,15641690,Hsiao,681,Spain,Male,67,7,0,2,0,1,163714.92,0
1280,15634896,Grant,521,France,Female,39,6,0,2,0,1,27375.15,0
1281,15671590,H?,741,Spain,Male,25,4,0,2,1,1,73873.65,0
1282,15779182,Chia,790,Spain,Male,46,8,182364.53,1,0,0,139266.48,1
1283,15778287,Ugoji,622,France,Male,35,8,0,2,1,1,131772.51,0
1284,15609510,Gregory,669,France,Male,45,7,149364.58,1,0,1,173454.07,0
1285,15742229,Mackay,583,France,Male,59,7,127450.14,1,0,1,67552.71,0
1286,15658532,Nnamutaezinwa,520,Spain,Female,63,5,162278.32,1,1,1,34765.33,0
1287,15590993,Findlay,579,Spain,Male,37,5,152212.88,2,0,0,120219.14,0
1288,15565701,Ferri,698,Spain,Female,39,9,161993.89,1,0,0,90212.38,0
1289,15597239,Ku,548,Spain,Male,39,7,131468.44,1,1,0,164975.82,0
1290,15688880,Amechi,672,Germany,Male,40,10,102980.44,1,1,0,1285.81,1
1291,15813917,Kirk,653,Germany,Male,31,9,143321.97,1,1,0,83679.46,0
1292,15679611,Andrews,734,Spain,Female,37,2,130404.92,1,0,0,34548.74,0
1293,15636589,Murray,794,France,Female,41,7,0,2,1,1,74275.08,0
1294,15687752,Griffin,641,France,Male,30,2,87505.47,2,0,1,7278.57,0
1295,15584363,Longstaff,824,France,Male,30,0,133634.02,1,1,1,162053.92,0
1296,15737748,McWilliam,534,Spain,Female,33,3,151233.62,1,0,0,199336.63,0
1297,15803365,Coffee,653,Spain,Male,55,2,70263.83,1,0,1,62347.71,0
1298,15793247,Hancock,498,France,Male,34,5,0,2,1,1,91711.66,0
1299,15572360,Clark,683,France,Male,30,10,57657.49,1,0,0,79240.9,0
1300,15795166,Creswell,618,Germany,Male,42,8,153572.31,2,1,1,76679.6,0
1301,15724620,Dodds,538,France,Male,37,1,134752.08,1,1,0,162511.55,0
1302,15800856,Ewen,643,Spain,Male,34,3,83132.09,1,1,1,21360.88,0
1303,15671097,Carter,428,France,Female,31,2,0,2,1,0,54487.43,0
1304,15683930,Ch'iu,593,Germany,Female,32,9,134096.53,2,1,0,53931.05,1
1305,15749004,Tsao,718,France,Female,31,0,118100.59,2,1,0,103165.15,0
1306,15800434,Burgess,811,Germany,Male,52,10,76915.4,1,0,0,146359.81,1
1307,15709117,Fanucci,823,Spain,Female,46,3,81576.75,1,1,1,28370.95,1
1308,15638806,Blackburn,645,Spain,Male,49,2,0,2,0,0,10023.15,0
1309,15662294,Bennett,710,France,Male,33,10,118327.17,2,1,1,192928.82,0
1310,15690079,Boniwell,591,Spain,Male,30,8,124857.69,2,0,0,50485.7,0
1311,15759317,Vasilieva,748,Germany,Female,27,2,90971.85,1,1,1,131662.47,0
1312,15750497,Longo,850,France,Female,37,7,153147.75,1,1,1,152235.3,0
1313,15596181,Kwemto,542,France,Male,38,8,65942.26,1,1,1,68093.23,1
1314,15576602,Lawrence,809,France,Male,38,3,0,2,1,1,80061.31,0
1315,15644833,Duncan,675,France,Male,54,2,0,1,1,0,149583.67,1
1316,15734634,Bocharova,607,Spain,Female,27,5,100912.19,1,0,0,7631.27,0
1317,15808689,Morres,850,France,Female,31,4,0,2,1,1,33082.81,0
1318,15720702,Shih,789,France,Male,37,3,0,1,1,0,121883.87,1
1319,15665077,Vogel,598,France,Female,43,5,0,3,1,1,100722.72,1
1320,15763612,T'an,756,Germany,Male,41,2,124439.49,2,0,1,47093.11,0
1321,15596493,Wisdom,687,France,Female,47,7,0,2,1,1,177624.01,0
1322,15704483,Lorenzo,724,France,Male,40,6,0,2,0,0,106149.48,0
1323,15598846,Shahan,700,France,Female,44,2,58781.76,1,1,0,16874.92,0
1324,15629244,Bryant,635,Spain,Male,50,7,159453.64,2,0,0,54560.79,1
1325,15765537,Liang,687,Germany,Male,26,2,142721.52,1,1,1,153605.75,0
1326,15729975,Chidozie,613,France,Female,46,8,167795.6,1,0,1,44390.38,0
1327,15682773,Hayward,781,France,Female,38,3,128345.69,2,1,0,63218.85,0
1328,15688007,Liu,703,Spain,Male,20,3,165260.98,1,1,1,41626.78,0
1329,15574331,Alexeeva,593,Germany,Female,62,3,118233.81,1,0,1,24765.53,1
1330,15645572,Calabresi,743,France,Female,40,6,0,1,1,0,28280.8,1
1331,15742854,Lettiere,640,Spain,Female,46,8,0,2,1,0,89043.19,0
1332,15575417,Chou,849,Germany,Male,37,7,143452.74,2,1,1,17294.12,0
1333,15796721,Nnamutaezinwa,778,France,Male,38,3,145018.49,2,1,1,126702.41,0
1334,15734942,Nnamutaezinwa,539,Germany,Female,38,8,82407.51,1,1,0,13123.41,0
1335,15664772,Greece,489,Germany,Male,28,1,79460.98,2,1,1,167973.63,0
1336,15576683,Yin,568,Spain,Female,43,9,0,1,1,0,125870.79,1
1337,15682563,Larionova,618,Spain,Male,38,5,126473.99,1,1,0,91972.49,0
1338,15650889,Golubev,710,Germany,Female,30,10,133537.1,2,1,0,155593.74,0
1339,15612108,Norman,625,France,Male,52,5,164978.01,1,1,1,67788.49,0
1340,15761132,Capon,682,Spain,Male,46,7,128029.72,1,1,1,62615.35,0
1341,15645511,Chukwudi,727,Spain,Male,43,2,97403.18,1,1,1,107415.02,1
1342,15609824,Fedorov,794,France,Female,41,7,176845.41,3,1,0,166526.26,1
1343,15640268,Avdeeva,652,Spain,Male,71,4,0,1,1,1,120107.1,0
1344,15645778,Reid,670,Spain,Male,42,3,81589.04,1,1,0,188227.8,0
1345,15691104,Kennedy,460,Germany,Female,40,6,119507.58,2,1,0,91560.63,1
1346,15714567,Chan,568,Spain,Female,26,6,0,2,0,0,166495.2,0
1347,15777826,Wofford,643,France,Male,30,5,94443.77,1,1,1,165614.4,0
1348,15668445,Mai,521,France,Male,37,2,0,2,1,1,86372.24,0
1349,15576162,King,615,France,Male,32,7,92199.84,1,1,1,2755.53,0
1350,15778135,T'ao,575,Spain,Male,43,3,0,1,1,0,83594.51,0
1351,15613141,Hsu,717,France,Female,41,3,135756.96,1,1,1,103706.41,0
1352,15635435,White,648,France,Female,54,9,120633.42,1,0,0,5924.38,1
1353,15596552,Stephens,535,Germany,Male,48,5,134542.73,1,1,1,58203.67,1
1354,15623644,Frolov,626,Spain,Male,29,7,0,2,1,0,49361.84,0
1355,15683403,Lombardi,611,Spain,Male,52,7,0,1,0,1,73585.18,1
1356,15615029,Munro,734,Spain,Male,39,6,0,1,1,1,95135.27,0
1357,15769005,Hayward,709,France,Male,49,4,154344.49,2,1,1,38794.57,0
1358,15746326,Fields,591,France,Male,43,3,0,2,0,1,198926.36,0
1359,15722364,Onwumelu,664,France,Male,43,9,189026.53,2,1,1,56099.86,0
1360,15704954,Suffolk,431,France,Male,37,0,120764.08,1,1,1,117023.08,0
1361,15694409,Tsao,647,Germany,Female,22,3,97975.82,2,0,1,62083,0
1362,15754068,Judd,578,France,Male,32,4,0,2,1,1,141822.8,0
1363,15683841,Hamilton,555,Germany,Male,41,10,113270.2,2,1,1,185387.14,0
1364,15789095,T'ang,775,Spain,Male,30,4,0,2,0,1,57461.13,0
1365,15719958,Degtyarev,850,Germany,Male,39,3,124548.99,2,1,1,120380.12,0
1366,15689514,Kang,625,France,Male,43,8,201696.07,1,1,0,133020.9,1
1367,15621353,Hudson,645,Spain,Female,37,7,0,2,1,0,13589.93,0
1368,15627232,Jibunoh,608,Germany,Male,44,7,114203.47,1,1,1,77830.36,1
1369,15745843,Kinlaw,689,Spain,Female,31,4,0,2,1,1,136610.02,0
1370,15722902,Chizuoke,652,Germany,Male,50,8,125437.64,1,1,1,17160.94,1
1371,15791767,Lucciano,769,France,Female,26,7,0,2,1,0,176843.53,0
1372,15792722,Omeokachie,611,France,Female,43,8,64897.75,1,1,0,114996.33,0
1373,15723006,Gorbunova,489,France,Male,38,8,0,2,0,1,196990.79,0
1374,15771942,Tikhonov,528,Germany,Female,46,9,135555.66,1,1,0,133146.03,1
1375,15774738,Campa,632,France,Male,44,3,107764.75,1,1,0,185667.72,0
1376,15574004,Mancini,429,France,Female,27,6,117307.44,2,1,1,24020.49,0
1377,15587233,Donoghue,457,France,Male,41,8,73700.12,3,1,1,185750.02,1
1378,15808228,Tuan,768,Spain,Female,44,6,60603.4,1,1,1,178045.97,0
1379,15682834,Johnstone,715,Spain,Female,35,4,40169.88,2,1,1,199857.47,0
1380,15571752,Romani,668,Germany,Female,32,10,92041.87,1,1,1,43595.9,0
1381,15743067,Fuller,625,Germany,Male,26,3,130483.95,1,1,0,122810.53,0
1382,15714466,Baxter,846,France,Female,41,5,0,3,1,0,3440.47,1
1383,15617982,Pirozzi,661,Spain,Female,42,3,0,2,1,0,35989.41,0
1384,15696637,Sung,571,France,Female,23,10,151097.28,1,0,1,17163.75,0
1385,15690647,Rogers,582,Spain,Female,46,8,67563.31,1,1,0,44506.09,1
1386,15672756,Mills,716,France,Female,35,8,112808.18,1,0,1,17848.3,0
1387,15704586,Osonduagwuike,758,France,Female,42,7,0,2,0,1,76209.56,0
1388,15674526,Byrne,725,France,Male,66,4,86459.8,1,1,1,141476.56,0
1389,15775295,McIntyre,630,France,Female,40,0,118633.08,1,0,1,60032.46,1
1390,15684196,Aitken,627,France,Female,55,2,159441.27,1,1,0,100686.11,1
1391,15727281,Macintyre,653,France,Female,27,9,0,2,1,0,96429.29,0
1392,15787835,Simpson,775,Germany,Female,38,4,125212.65,2,1,1,15795.88,1
1393,15730540,Simpson,794,Spain,Male,45,8,88656.37,2,1,0,116547.31,0
1394,15646276,Metcalfe,831,France,Female,32,2,146033.62,1,1,0,191260.74,0
1395,15582180,Lees,561,France,Male,29,9,120268.13,1,1,1,173870.39,0
1396,15697095,Zetticci,705,Spain,Male,46,7,0,2,1,0,117273.35,0
1397,15748797,Dale,636,Spain,Female,33,0,0,1,1,0,92277.47,1
1398,15754796,Byrne,487,Germany,Female,46,4,135070.58,2,1,1,44244.49,1
1399,15628947,Praed,693,France,Female,38,3,0,2,0,0,78133.48,1
1400,15775546,Laurens,517,Spain,Female,29,5,0,2,1,0,103402.88,0
1401,15670481,Woods,684,France,Female,27,9,122550.05,2,0,1,137835.82,0
1402,15619029,Bykov,620,Spain,Female,43,2,0,2,1,0,20670.1,0
1403,15613282,Vorobyova,757,France,Male,29,8,130306.49,1,1,0,77469.38,0
1404,15721487,Pirogova,739,France,Female,27,6,0,1,1,1,57572.38,0
1405,15797276,Sturt,662,Spain,Female,41,4,90350.77,1,1,0,75884.65,1
1406,15612494,Panicucci,359,France,Female,44,6,128747.69,1,1,0,146955.71,1
1407,15629617,Cook,572,Spain,Male,23,2,126873.52,1,0,1,67040.12,0
1408,15600821,Hardy,721,France,Male,69,2,108424.19,1,1,1,178418.35,0
1409,15579062,Chu,707,France,Male,32,9,0,2,0,0,30807.02,0
1410,15814268,Franklin,444,France,Female,40,5,84350.07,1,1,0,143835.76,0
1411,15710164,P'eng,523,France,Female,73,7,0,2,0,0,130883.9,1
1412,15693904,Chiang,685,Germany,Female,30,4,84958.6,2,0,1,194343.72,0
1413,15588986,Grant,673,Germany,Female,29,4,99097.36,1,1,1,9796.69,0
1414,15797733,Udobata,503,Germany,Male,30,10,136622.55,2,0,0,47310.24,0
1415,15620507,Siciliani,485,Germany,Female,30,5,156771.68,1,1,1,141148.21,0
1416,15685150,Evans,799,Germany,Male,28,7,167658.33,2,1,1,111138.25,0
1417,15667651,Young,585,Spain,Female,33,8,0,2,1,0,114182.07,0
1418,15774166,Mitchell,607,Germany,Female,24,2,109483.54,2,0,1,127560.77,0
1419,15649280,Lucchese,521,Germany,Female,40,9,134504.78,1,1,0,18082.06,0
1420,15705657,Hewitt,535,France,Female,44,2,114427.86,1,1,1,136330.26,0
1421,15753969,K'ung,724,Spain,Male,45,5,83888.54,1,0,1,34121.81,0
1422,15742378,Swaim,520,Germany,Male,32,5,110029.77,1,1,0,56246.69,0
1423,15794874,Quinones,696,Spain,Male,41,9,127523.75,1,0,1,191417.42,0
1424,15589221,Kennedy,657,Germany,Male,30,1,139762.13,2,1,1,23317.88,0
1425,15596671,Endrizzi,603,Spain,Female,42,8,91611.12,1,0,0,144675.3,1
1426,15583668,Ludowici,726,France,Female,42,2,109471.79,1,0,1,175161.05,0
1427,15710206,Larson,591,France,Female,39,4,150500.64,1,1,0,14928.8,0
1428,15799966,Chigolum,792,Germany,Female,59,9,101609.77,1,0,0,161479.19,1
1429,15794560,Maclean,550,France,Male,57,5,0,1,1,1,133501.94,0
1430,15626485,Lu,601,France,Female,26,8,78892.23,1,1,1,23703.52,0
1431,15703143,Tuan,820,France,Female,29,3,82344.84,1,0,1,115985.38,0
1432,15809772,Glover,667,France,Male,48,2,0,1,1,0,43229.2,0
1433,15687959,Landman,573,Spain,Female,44,4,0,1,1,1,94862.93,0
1434,15585282,Trevisano,755,France,Male,62,1,127706.33,2,0,1,142377.69,0
1435,15714993,Longo,552,France,Female,41,9,124349.34,1,1,0,135635.25,0
1436,15596021,K?,598,Spain,Male,44,8,0,2,1,0,148487.9,0
1437,15646615,Muir,576,Germany,Male,28,1,119336.29,2,0,1,58976.85,0
1438,15742632,Alexeyeva,670,France,Female,31,9,0,1,0,1,76254.83,0
1439,15574068,Norman,504,Germany,Male,56,9,104217.3,1,0,0,55857.48,1
1440,15806967,Simmons,778,France,Female,65,7,0,1,1,1,77867.23,0
1441,15796334,Chukwualuka,558,Germany,Male,39,10,144757.02,1,1,0,22878.16,1
1442,15688713,McCall,627,Spain,Male,44,6,0,1,1,1,114469.55,0
1443,15796179,Moore,683,France,Male,43,8,0,1,1,0,96754.8,0
1444,15598751,Ingram,556,France,Female,43,6,0,3,0,0,125154.57,1
1445,15703019,Okeke,583,France,Female,38,10,0,2,0,1,113597.64,0
1446,15646302,Shao,705,France,Female,24,7,100169.51,1,1,0,121408.55,0
1447,15680855,Iloabuchi,637,France,Male,33,2,145731.83,1,0,1,109219.43,0
1448,15697311,Nebechukwu,697,Spain,Male,56,5,110802.03,1,1,1,50230.31,1
1449,15585367,Diribe,555,Germany,Female,46,4,120392.99,1,1,0,177719.88,1
1450,15726556,Macgroarty,594,Germany,Female,26,6,135067.52,2,0,0,131211.86,0
1451,15676242,Artemova,632,Spain,Male,31,3,136556.44,1,1,0,82152.83,1
1452,15684198,McDonald,551,France,Female,38,10,0,2,1,1,216.27,0
1453,15774882,Mazzanti,687,France,Female,35,3,99587.43,1,1,1,1713.1,1
1454,15714227,Kelly,672,France,Female,53,7,0,1,1,1,136910.18,0
1455,15608653,Davison,521,Spain,Female,34,7,70731.07,1,1,1,20243.97,1
1456,15784280,Reilly,686,Germany,Male,35,2,109342.82,2,0,1,86043.27,0
1457,15789546,Ojiofor,639,Spain,Male,28,8,0,2,1,0,126561.07,0
1458,15590320,Shelton,850,France,Male,66,4,0,2,0,1,64350.8,0
1459,15678385,Lange,465,France,Male,25,2,78247.31,2,1,1,10472.31,0
1460,15571778,Trentini,817,France,Female,55,10,117561.49,1,1,0,95941.55,1
1461,15657085,Gardiner,578,France,Male,23,10,88980.32,1,1,1,125222.36,0
1462,15640627,Wan,611,Spain,Male,34,4,0,2,1,0,170950.58,0
1463,15566211,Hsu,616,Germany,Female,41,1,103560.57,1,1,0,236.45,1
1464,15669293,Hovell,517,France,Male,37,5,113308.84,1,0,1,31517.16,0
1465,15595067,Zhirov,637,Spain,Female,40,6,0,2,1,1,181610.6,0
1466,15753566,Espinosa,806,France,Female,32,3,63763.49,1,1,0,156593.09,0
1467,15650391,Wallace,633,France,Female,29,7,169988.35,1,1,0,4272,0
1468,15681843,Barbour,624,Germany,Female,35,0,180303.24,2,1,0,163587.9,0
1469,15814846,Ozerova,691,France,Male,52,3,0,1,1,0,175843.68,1
